analysis_type,config,model,selection_split,n_dev_train,n_dev_val,n_dev_train_events,n_dev_val_events,auroc,auprc,brier,event_prevalence,n_train,n_test,n_train_events,n_test_events,ssl_dimensions,penalty,n_predictors_before_one_hot,events_per_predictor_before_one_hot,pca_explained_variance_ratio,outcome,outcome_definition,auprc_enrichment_over_test_prevalence
development_model_selection,p80_d64_l3_channel_cw02,signal_plus_ssl,75% original-training records fit / 25% original-training records validation,289.0,97.0,59.0,20.0,0.7077922077922079,0.3569283895869262,0.24114010728238836,0.20618556701030927,,,,,,,,,,,,
development_model_selection,p80_d64_l3_channel_cw02,signal_plus_ssl_plus_signal_phenotype,75% original-training records fit / 25% original-training records validation,289.0,97.0,59.0,20.0,0.7045454545454546,0.3568877383618074,0.24139456312364424,0.20618556701030927,,,,,,,,,,,,
development_model_selection,p60_d64_l2_mixed_cw02,signal_plus_ssl,75% original-training records fit / 25% original-training records validation,289.0,97.0,59.0,20.0,0.6941558441558442,0.3414507258784375,0.2282346882095606,0.20618556701030927,,,,,,,,,,,,
development_model_selection,p60_d64_l2_mixed_cw02,signal_plus_ssl_plus_signal_phenotype,75% original-training records fit / 25% original-training records validation,289.0,97.0,59.0,20.0,0.6980519480519481,0.3564366752666286,0.22868344738470275,0.20618556701030927,,,,,,,,,,,,
development_model_selection,p80_d48_l2_mixed_cw01,signal_plus_ssl,75% original-training records fit / 25% original-training records validation,289.0,97.0,59.0,20.0,0.7396103896103896,0.429137675590758,0.22766005863098424,0.20618556701030927,,,,,,,,,,,,
development_model_selection,p80_d48_l2_mixed_cw01,signal_plus_ssl_plus_signal_phenotype,75% original-training records fit / 25% original-training records validation,289.0,97.0,59.0,20.0,0.75,0.4481752980253576,0.22671996346491652,0.20618556701030927,,,,,,,,,,,,
development_model_selection,p120_d64_l2_block_cw02,signal_plus_ssl,75% original-training records fit / 25% original-training records validation,289.0,97.0,59.0,20.0,0.651948051948052,0.29249145859766745,0.2494794207472135,0.20618556701030927,,,,,,,,,,,,
development_model_selection,p120_d64_l2_block_cw02,signal_plus_ssl_plus_signal_phenotype,75% original-training records fit / 25% original-training records validation,289.0,97.0,59.0,20.0,0.6597402597402597,0.30004692816938516,0.2467179976362497,0.20618556701030927,,,,,,,,,,,,
development_selected_test_evaluation,p80_d48_l2_mixed_cw01,signal_plus_ssl_plus_signal_phenotype,selected by original-training internal validation; original held-out test evaluated once,,,,,0.6348039215686275,0.38723113276425714,0.2541703550231506,0.20481927710843373,386.0,166.0,79.0,34.0,,,,,,,,
dimensionality_regularization,,signal_plus_ssl64_plus_signal_phenotype_l2,,,,,,0.6559714795008913,0.4324439681648454,0.2515696224334074,0.20481927710843373,386.0,166.0,79.0,34.0,64.0,l2,77.0,1.025974025974026,,,,
dimensionality_regularization,,signal_plus_ssl_pca5_plus_signal_phenotype_l2,,,,,,0.6285650623885918,0.3863465087321692,0.2547034646518502,0.20481927710843373,386.0,166.0,79.0,34.0,5.0,l2,18.0,4.388888888888889,0.8400092079149173,,,
dimensionality_regularization,,signal_plus_ssl_pca5_plus_signal_phenotype_elasticnet,,,,,,0.6278966131907309,0.3801255702478285,0.2547694279122795,0.20481927710843373,386.0,166.0,79.0,34.0,5.0,elasticnet,18.0,4.388888888888889,0.8400092079149173,,,
dimensionality_regularization,,signal_plus_ssl_pca10_plus_signal_phenotype_l2,,,,,,0.6212121212121212,0.4240711803762064,0.25879492528092224,0.20481927710843373,386.0,166.0,79.0,34.0,10.0,l2,23.0,3.4347826086956523,0.9567100820987597,,,
dimensionality_regularization,,signal_plus_ssl_pca10_plus_signal_phenotype_elasticnet,,,,,,0.6194295900178253,0.4025637594144209,0.2584275136483948,0.20481927710843373,386.0,166.0,79.0,34.0,10.0,elasticnet,23.0,3.4347826086956523,0.9567100820987597,,,
dimensionality_regularization,,signal_plus_ssl_pca20_plus_signal_phenotype_l2,,,,,,0.6535204991087344,0.4255996807471599,0.2566120904737323,0.20481927710843373,386.0,166.0,79.0,34.0,20.0,l2,33.0,2.393939393939394,0.9953479552477952,,,
dimensionality_regularization,,signal_plus_ssl_pca20_plus_signal_phenotype_elasticnet,,,,,,0.6548573975044564,0.4171555045657788,0.2557038648061096,0.20481927710843373,386.0,166.0,79.0,34.0,20.0,elasticnet,33.0,2.393939393939394,0.9953479552477952,,,
outcome_sensitivity,,signal_features,,,,,,0.6303475935828877,0.3365609947521623,0.25249142553225185,0.20481927710843373,386.0,166.0,79.0,34.0,,,,,,neonatal_risk,primary composite: cord pH <7.15 or 5-minute Apgar <7,1.6432095626134982
outcome_sensitivity,,signal_plus_ssl_plus_signal_phenotype,,,,,,0.6559714795008913,0.4324439681648454,0.2515696224334074,0.20481927710843373,386.0,166.0,79.0,34.0,,,,,,neonatal_risk,primary composite: cord pH <7.15 or 5-minute Apgar <7,2.1113440798636574
outcome_sensitivity,,signal_features,,,,,,0.6397812713602188,0.38823279381035364,0.25245756671985353,0.19879518072289157,386.0,166.0,72.0,33.0,,,,,,cord_ph_lt_7_15,cord pH <7.15 only,1.9529285991672334
outcome_sensitivity,,signal_plus_ssl_plus_signal_phenotype,,,,,,0.6744133059922534,0.44318032169143207,0.24890111908103213,0.19879518072289157,386.0,166.0,72.0,33.0,,,,,,cord_ph_lt_7_15,cord pH <7.15 only,2.2293313151750827
outcome_sensitivity,,signal_features,,,,,,0.7808807733619764,0.4773171269361607,0.21826933419912425,0.1144578313253012,386.0,166.0,37.0,19.0,,,,,,cord_ph_lt_7_10,cord pH <7.10 only,4.170244372179089
outcome_sensitivity,,signal_plus_ssl_plus_signal_phenotype,,,,,,0.8005728607232366,0.4869848012953808,0.19411916841637927,0.1144578313253012,386.0,166.0,37.0,19.0,,,,,,cord_ph_lt_7_10,cord pH <7.10 only,4.254709316580696
outcome_sensitivity,,signal_features,,,,,,0.8181015452538631,0.5408553480277896,0.20695955066217434,0.09036144578313253,386.0,166.0,25.0,15.0,,,,,,cord_ph_lt_7_05,cord pH <7.05 only,5.985465851507538
outcome_sensitivity,,signal_plus_ssl_plus_signal_phenotype,,,,,,0.8631346578366446,0.5259623532385409,0.1725651850252347,0.09036144578313253,386.0,166.0,25.0,15.0,,,,,,cord_ph_lt_7_05,cord pH <7.05 only,5.82065004250652
