model,calibration,threshold,model_net_benefit,treat_all_net_benefit,treat_none_net_benefit
signal_10,isotonic,0.05,0.16423589093214963,0.16296766011414077,0.0
signal_10,isotonic,0.060000000000000005,0.15560112791591899,0.1540630607536529,0.0
signal_10,isotonic,0.07,0.1467806710713823,0.14496696463272443,0.0
signal_10,isotonic,0.08,0.13776846516500785,0.13567312729177577,0.0
signal_10,isotonic,0.09,0.12855818879915265,0.12617502978948764,0.0
signal_10,isotonic,0.1,0.11914323962516732,0.11646586345381525,0.0
signal_10,isotonic,0.11,0.10721537836740219,0.10653851360498172,0.0
signal_10,isotonic,0.12000000000000001,0.09775465498357064,0.09638554216867468,0.0
signal_10,isotonic,0.13,0.0880764437058579,0.0859991690901537,0.0
signal_10,isotonic,0.14,0.07817315774726813,0.07537125245166712,0.0
signal_10,isotonic,0.15000000000000002,0.06768249468462083,0.06449326718639259,0.0
signal_10,isotonic,0.16,0.06110154905335628,0.05335628227194489,0.0
signal_10,isotonic,0.16999999999999998,0.043329946291188866,0.041950936275221395,0.0
signal_10,isotonic,0.18,0.03952394945636205,0.03026741110784603,0.0
signal_10,isotonic,0.19,0.03562397739104567,0.018295403837572527,0.0
signal_10,isotonic,0.2,0.03162650602409639,0.00602409638554216,0.0
signal_10,isotonic,0.21000000000000002,0.0275278328503889,-0.006557877077932012,0.0
signal_10,isotonic,0.22000000000000003,0.023324065492740187,-0.019462465245597832,0.0
signal_10,isotonic,0.22999999999999998,0.019011109372555166,-0.03270223752151463,0.0
signal_10,isotonic,0.24,0.014584654407102104,-0.04629042485732404,0.0
signal_10,isotonic,0.25,0.012048192771084348,-0.06024096385542166,0.0
signal_10,isotonic,0.26,0.016606968414197315,-0.07456854444806255,0.0
signal_10,isotonic,0.27,0.013038455190625506,-0.0892886614952963,0.0
signal_10,isotonic,0.28,0.00937081659973224,-0.104417670682731,0.0
signal_10,isotonic,0.29,0.00559986424571525,-0.11997284914305112,0.0
signal_10,isotonic,0.3,0.0017211703958691787,-0.13597246127366613,0.0
signal_10,isotonic,0.31,0.026279029160118726,-0.1524358302776323,0.0
signal_10,isotonic,0.32,0.02409638554216867,-0.16938341601700924,0.0
signal_10,isotonic,0.33,0.02184858838338427,-0.1868368998381587,0.0
signal_10,isotonic,0.33999999999999997,0.019532676159182194,-0.20481927710843367,0.0
signal_10,isotonic,0.35,0.01714550509731233,-0.2233549582947173,0.0
signal_10,isotonic,0.36,0.014683734939759038,-0.2424698795180723,0.0
signal_10,isotonic,0.37,0.010327022375215142,-0.2621916236374068,0.0
signal_10,isotonic,0.38,0.00893898173338515,-0.28254955305091334,0.0
signal_10,isotonic,0.39,0.0075054315623148266,-0.30357495555994474,0.0
signal_10,isotonic,0.4,0.00602409638554216,-0.32530120481927716,0.0
signal_10,isotonic,0.41,0.004492546457014503,-0.3477639371043495,0.0
signal_10,isotonic,0.42,0.0029081844619858743,-0.3710012463647694,0.0
signal_10,isotonic,0.43,0.001268230818008878,-0.39505389980976535,0.0
signal_10,isotonic,0.44,-0.00043029259896729816,-0.41996557659208267,0.0
signal_10,isotonic,0.45,-0.002190580503833514,-0.4457831325301205,0.0
signal_10,isotonic,0.46,-0.004016064257028114,-0.4725568942436412,0.0
signal_10,isotonic,0.47,-0.005910434189588545,-0.5003409865878609,0.0
signal_10,isotonic,0.48,-0.007877664504170531,-0.5291936978683967,0.0
signal_10,isotonic,0.49,-0.009922041105598862,-0.5591778880226789,0.0
signal_10,isotonic,0.5,-0.012048192771084341,-0.5903614457831325,0.0
signal_10,platt,0.05,0.16296766011414077,0.16296766011414077,0.0
signal_10,platt,0.060000000000000005,0.1540630607536529,0.1540630607536529,0.0
signal_10,platt,0.07,0.14496696463272443,0.14496696463272443,0.0
signal_10,platt,0.08,0.13331587218438973,0.13567312729177577,0.0
signal_10,platt,0.09,0.1255130411756918,0.12617502978948764,0.0
signal_10,platt,0.1,0.11914323962516733,0.11646586345381525,0.0
signal_10,platt,0.11,0.11466089075402734,0.10653851360498172,0.0
signal_10,platt,0.12000000000000001,0.10569550930996714,0.09638554216867468,0.0
signal_10,platt,0.13,0.09583160227115356,0.0859991690901537,0.0
signal_10,platt,0.14,0.08363687307369011,0.07537125245166712,0.0
signal_10,platt,0.15000000000000002,0.07087172218284901,0.06449326718639259,0.0
signal_10,platt,0.16,0.07114170969592654,0.05335628227194489,0.0
signal_10,platt,0.16999999999999998,0.05436202641892875,0.041950936275221395,0.0
signal_10,platt,0.18,0.05671466353217752,0.03026741110784603,0.0
signal_10,platt,0.19,0.041053101294065156,0.018295403837572527,0.0
signal_10,platt,0.2,0.036144578313253004,0.00602409638554216,0.0
signal_10,platt,0.21000000000000002,0.027604087235015992,-0.006557877077932012,0.0
signal_10,platt,0.22000000000000003,0.02873030583873956,-0.019462465245597832,0.0
signal_10,platt,0.22999999999999998,0.02448756063213893,-0.03270223752151463,0.0
signal_10,platt,0.24,0.014901712111604307,-0.04629042485732404,0.0
signal_10,platt,0.25,0.012048192771084348,-0.06024096385542166,0.0
signal_10,platt,0.26,0.00179094757408009,-0.07456854444806255,0.0
signal_10,platt,0.27,0.01081036474665785,-0.0892886614952963,0.0
signal_10,platt,0.28,0.00937081659973224,-0.104417670682731,0.0
signal_10,platt,0.29,0.015442049889699647,-0.11997284914305112,0.0
signal_10,platt,0.3,0.018932874354561098,-0.13597246127366613,0.0
signal_10,platt,0.31,0.0214772132006286,-0.1524358302776323,0.0
signal_10,platt,0.32,0.021261516654854706,-0.16938341601700924,0.0
signal_10,platt,0.33,0.02481568063297967,-0.1868368998381587,0.0
signal_10,platt,0.33999999999999997,0.02281854691493248,-0.20481927710843367,0.0
signal_10,platt,0.35,0.024559777571825765,-0.2233549582947173,0.0
signal_10,platt,0.36,0.020331325301204822,-0.2424698795180723,0.0
signal_10,platt,0.37,0.012813157391470646,-0.2621916236374068,0.0
signal_10,platt,0.38,0.00893898173338515,-0.28254955305091334,0.0
signal_10,platt,0.39,0.0075054315623148266,-0.30357495555994474,0.0
signal_10,platt,0.4,0.00602409638554216,-0.32530120481927716,0.0
signal_10,platt,0.41,0.00867878292832347,-0.3477639371043495,0.0
signal_10,platt,0.42,0.014333194848358956,-0.3710012463647694,0.0
signal_10,platt,0.43,0.013422109490593956,-0.39505389980976535,0.0
signal_10,platt,0.44,0.011187607573149742,-0.41996557659208267,0.0
signal_10,platt,0.45,0.015334063526834613,-0.4457831325301205,0.0
signal_10,platt,0.46,0.008701472556894246,-0.4725568942436412,0.0
signal_10,platt,0.47,0.007388042736985678,-0.5003409865878609,0.0
signal_10,platt,0.48,0.012511584800741427,-0.5291936978683967,0.0
signal_10,platt,0.49,0.006260335459484999,-0.5591778880226789,0.0
signal_10,platt,0.5,0.006024096385542169,-0.5903614457831325,0.0
signal_10,raw,0.05,0.16296766011414077,0.16296766011414077,0.0
signal_10,raw,0.060000000000000005,0.1540630607536529,0.1540630607536529,0.0
signal_10,raw,0.07,0.14496696463272443,0.14496696463272443,0.0
signal_10,raw,0.08,0.13567312729177577,0.13567312729177577,0.0
signal_10,raw,0.09,0.12617502978948764,0.12617502978948764,0.0
signal_10,raw,0.1,0.11646586345381525,0.11646586345381525,0.0
signal_10,raw,0.11,0.10653851360498172,0.10653851360498172,0.0
signal_10,raw,0.12000000000000001,0.09638554216867468,0.09638554216867468,0.0
signal_10,raw,0.13,0.0859991690901537,0.0859991690901537,0.0
signal_10,raw,0.14,0.07537125245166712,0.07537125245166712,0.0
signal_10,raw,0.15000000000000002,0.06449326718639259,0.06449326718639259,0.0
signal_10,raw,0.16,0.05565117613310383,0.05335628227194489,0.0
signal_10,raw,0.16999999999999998,0.04332994629118889,0.041950936275221395,0.0
signal_10,raw,0.18,0.03482221569203647,0.03026741110784603,0.0
signal_10,raw,0.19,0.024988844265952714,0.018295403837572527,0.0
signal_10,raw,0.2,0.013554216867469882,0.00602409638554216,0.0
signal_10,raw,0.21000000000000002,0.0018301052310507604,-0.006557877077932012,0.0
signal_10,raw,0.22000000000000003,-0.005097312326228037,-0.019462465245597832,0.0
signal_10,raw,0.22999999999999998,-0.013534658112971332,-0.03270223752151463,0.0
signal_10,raw,0.24,-0.01807228915662648,-0.04629042485732404,0.0
signal_10,raw,0.25,-0.028112449799196776,-0.06024096385542166,0.0
signal_10,raw,0.26,-0.0403777271247151,-0.07456854444806255,0.0
signal_10,raw,0.27,-0.050090774055124604,-0.0892886614952963,0.0
signal_10,raw,0.28,-0.05555555555555555,-0.104417670682731,0.0
signal_10,raw,0.29,-0.06312574240624469,-0.11997284914305112,0.0
signal_10,raw,0.3,-0.07573149741824442,-0.13597246127366613,0.0
signal_10,raw,0.31,-0.08660729876025847,-0.1524358302776323,0.0
signal_10,raw,0.32,-0.093905031892275,-0.16938341601700924,0.0
signal_10,raw,0.33,-0.11301924114367926,-0.1868368998381587,0.0
signal_10,raw,0.33999999999999997,-0.12942679810149682,-0.20481927710843367,0.0
signal_10,raw,0.35,-0.13021316033364227,-0.2233549582947173,0.0
signal_10,raw,0.36,-0.1430722891566265,-0.2424698795180723,0.0
signal_10,raw,0.37,-0.14266590170204635,-0.2621916236374068,0.0
signal_10,raw,0.38,-0.14516129032258068,-0.28254955305091334,0.0
signal_10,raw,0.39,-0.1509974323523603,-0.30357495555994474,0.0
signal_10,raw,0.4,-0.15662650602409645,-0.32530120481927716,0.0
signal_10,raw,0.41,-0.17592403512354496,-0.3477639371043495,0.0
signal_10,raw,0.42,-0.1809306190278354,-0.3710012463647694,0.0
signal_10,raw,0.43,-0.18114563517226792,-0.39505389980976535,0.0
signal_10,raw,0.44,-0.18674698795180725,-0.41996557659208267,0.0
signal_10,raw,0.45,-0.20153340635268346,-0.4457831325301205,0.0
signal_10,raw,0.46,-0.21642124051762604,-0.4725568942436412,0.0
signal_10,raw,0.47,-0.18799727210729708,-0.5003409865878609,0.0
signal_10,raw,0.48,-0.20157553290083405,-0.5291936978683967,0.0
signal_10,raw,0.49,-0.21521379636191823,-0.5591778880226789,0.0
signal_10,raw,0.5,-0.22891566265060243,-0.5903614457831325,0.0
signal_10_plus_ssl_pca5,isotonic,0.05,0.16391883322764741,0.16296766011414077,0.0
signal_10_plus_ssl_pca5,isotonic,0.060000000000000005,0.15521661112535245,0.1540630607536529,0.0
signal_10_plus_ssl_pca5,isotonic,0.07,0.14632724446171783,0.14496696463272443,0.0
signal_10_plus_ssl_pca5,isotonic,0.08,0.13724463069669984,0.13567312729177577,0.0
signal_10_plus_ssl_pca5,isotonic,0.09,0.1279623990467364,0.12617502978948764,0.0
signal_10_plus_ssl_pca5,isotonic,0.1,0.1184738955823293,0.11646586345381525,0.0
signal_10_plus_ssl_pca5,isotonic,0.11,0.1102612697982943,0.10653851360498172,0.0
signal_10_plus_ssl_pca5,isotonic,0.12000000000000001,0.08433734939759036,0.09638554216867468,0.0
signal_10_plus_ssl_pca5,isotonic,0.13,0.05477080736740063,0.0859991690901537,0.0
signal_10_plus_ssl_pca5,isotonic,0.14,0.0488932474082376,0.07537125245166712,0.0
signal_10_plus_ssl_pca5,isotonic,0.15000000000000002,0.04287739192062366,0.06449326718639259,0.0
signal_10_plus_ssl_pca5,isotonic,0.16,0.03671830177854274,0.05335628227194489,0.0
signal_10_plus_ssl_pca5,isotonic,0.16999999999999998,0.028233415590071143,0.041950936275221395,0.0
signal_10_plus_ssl_pca5,isotonic,0.18,0.041580957978254486,0.03026741110784603,0.0
signal_10_plus_ssl_pca5,isotonic,0.19,0.03740889483861372,0.018295403837572527,0.0
signal_10_plus_ssl_pca5,isotonic,0.2,0.03313253012048192,0.00602409638554216,0.0
signal_10_plus_ssl_pca5,isotonic,0.21000000000000002,0.028747903004422745,-0.006557877077932012,0.0
signal_10_plus_ssl_pca5,isotonic,0.22000000000000003,0.02425084955205435,-0.019462465245597832,0.0
signal_10_plus_ssl_pca5,isotonic,0.22999999999999998,0.019636989516507594,-0.03270223752151463,0.0
signal_10_plus_ssl_pca5,isotonic,0.24,0.01807228915662651,-0.04629042485732404,0.0
signal_10_plus_ssl_pca5,isotonic,0.25,0.014056224899598402,-0.06024096385542166,0.0
signal_10_plus_ssl_pca5,isotonic,0.26,0.009931618365353306,-0.07456854444806255,0.0
signal_10_plus_ssl_pca5,isotonic,0.27,0.00569400891236177,-0.0892886614952963,0.0
signal_10_plus_ssl_pca5,isotonic,0.28,-0.003681392235609121,-0.104417670682731,0.0
signal_10_plus_ssl_pca5,isotonic,0.29,-0.007805871372815215,-0.11997284914305112,0.0
signal_10_plus_ssl_pca5,isotonic,0.3,-0.012048192771084348,-0.13597246127366613,0.0
signal_10_plus_ssl_pca5,isotonic,0.31,-0.016413480006984477,-0.1524358302776323,0.0
signal_10_plus_ssl_pca5,isotonic,0.32,-0.01807228915662651,-0.16938341601700924,0.0
signal_10_plus_ssl_pca5,isotonic,0.33,-0.022567883474195305,-0.1868368998381587,0.0
signal_10_plus_ssl_pca5,isotonic,0.33999999999999997,-0.02719970792259946,-0.20481927710843367,0.0
signal_10_plus_ssl_pca5,isotonic,0.35,-0.031974050046339186,-0.2233549582947173,0.0
signal_10_plus_ssl_pca5,isotonic,0.36,-0.03200301204819277,-0.2424698795180723,0.0
signal_10_plus_ssl_pca5,isotonic,0.37,-0.03633581946834959,-0.2621916236374068,0.0
signal_10_plus_ssl_pca5,isotonic,0.38,0.01962689467547609,-0.28254955305091334,0.0
signal_10_plus_ssl_pca5,isotonic,0.39,0.017874777799723476,-0.30357495555994474,0.0
signal_10_plus_ssl_pca5,isotonic,0.4,0.01606425702811244,-0.32530120481927716,0.0
signal_10_plus_ssl_pca5,isotonic,0.41,0.014192362671023084,-0.3477639371043495,0.0
signal_10_plus_ssl_pca5,isotonic,0.42,0.01225592023265476,-0.3710012463647694,0.0
signal_10_plus_ssl_pca5,isotonic,0.43,0.01025153244557176,-0.39505389980976535,0.0
signal_10_plus_ssl_pca5,isotonic,0.44,0.00774526678141136,-0.41996557659208267,0.0
signal_10_plus_ssl_pca5,isotonic,0.45,0.006571741511500549,-0.4457831325301205,0.0
signal_10_plus_ssl_pca5,isotonic,0.46,0.005354752342704151,-0.4725568942436412,0.0
signal_10_plus_ssl_pca5,isotonic,0.47,0.004091839054330533,-0.5003409865878609,0.0
signal_10_plus_ssl_pca5,isotonic,0.48,0.0027803521779425425,-0.5291936978683967,0.0
signal_10_plus_ssl_pca5,isotonic,0.49,0.0014174344436569813,-0.5591778880226789,0.0
signal_10_plus_ssl_pca5,isotonic,0.5,0.0,-0.5903614457831325,0.0
signal_10_plus_ssl_pca5,platt,0.05,0.16296766011414077,0.16296766011414077,0.0
signal_10_plus_ssl_pca5,platt,0.060000000000000005,0.15521661112535245,0.1540630607536529,0.0
signal_10_plus_ssl_pca5,platt,0.07,0.1467806710713823,0.14496696463272443,0.0
signal_10_plus_ssl_pca5,platt,0.08,0.13331587218438973,0.13567312729177577,0.0
signal_10_plus_ssl_pca5,platt,0.09,0.1267046206805243,0.12617502978948764,0.0
signal_10_plus_ssl_pca5,platt,0.1,0.10776439089692101,0.11646586345381525,0.0
signal_10_plus_ssl_pca5,platt,0.11,0.10410180046026803,0.10653851360498172,0.0
signal_10_plus_ssl_pca5,platt,0.12000000000000001,0.09967141292442495,0.09638554216867468,0.0
signal_10_plus_ssl_pca5,platt,0.13,0.0898075058856114,0.0859991690901537,0.0
signal_10_plus_ssl_pca5,platt,0.14,0.08153544410198935,0.07537125245166712,0.0
signal_10_plus_ssl_pca5,platt,0.15000000000000002,0.06307583274273562,0.06449326718639259,0.0
signal_10_plus_ssl_pca5,platt,0.16,0.0576592082616179,0.05335628227194489,0.0
signal_10_plus_ssl_pca5,platt,0.16999999999999998,0.03026564087676005,0.041950936275221395,0.0
signal_10_plus_ssl_pca5,platt,0.18,0.023949456362033522,0.03026741110784603,0.0
signal_10_plus_ssl_pca5,platt,0.19,0.02082403688829393,0.018295403837572527,0.0
signal_10_plus_ssl_pca5,platt,0.2,0.015060240963855429,0.00602409638554216,0.0
signal_10_plus_ssl_pca5,platt,0.21000000000000002,0.009531798078389483,-0.006557877077932012,0.0
signal_10_plus_ssl_pca5,platt,0.22000000000000003,0.008958912573370378,-0.019462465245597832,0.0
signal_10_plus_ssl_pca5,platt,0.22999999999999998,0.019636989516507594,-0.03270223752151463,0.0
signal_10_plus_ssl_pca5,platt,0.24,0.008877615726062146,-0.04629042485732404,0.0
signal_10_plus_ssl_pca5,platt,0.25,0.01807228915662651,-0.06024096385542166,0.0
signal_10_plus_ssl_pca5,platt,0.26,0.00602409638554216,-0.07456854444806255,0.0
signal_10_plus_ssl_pca5,platt,0.27,-0.004126093414754908,-0.0892886614952963,0.0
signal_10_plus_ssl_pca5,platt,0.28,-0.0013386880856760403,-0.104417670682731,0.0
signal_10_plus_ssl_pca5,platt,0.29,-0.00042423213982691055,-0.11997284914305112,0.0
signal_10_plus_ssl_pca5,platt,0.3,-0.010327022375215156,-0.13597246127366613,0.0
signal_10_plus_ssl_pca5,platt,0.31,-0.014929282346778427,-0.1524358302776323,0.0
signal_10_plus_ssl_pca5,platt,0.32,-0.010276399716513118,-0.16938341601700924,0.0
signal_10_plus_ssl_pca5,platt,0.33,-0.0020679733860816465,-0.1868368998381587,0.0
signal_10_plus_ssl_pca5,platt,0.33999999999999997,0.0012778386272362316,-0.20481927710843367,0.0
signal_10_plus_ssl_pca5,platt,0.35,0.011584800741427252,-0.2233549582947173,0.0
signal_10_plus_ssl_pca5,platt,0.36,0.012801204819277115,-0.2424698795180723,0.0
signal_10_plus_ssl_pca5,platt,0.37,0.021323388793268304,-0.2621916236374068,0.0
signal_10_plus_ssl_pca5,platt,0.38,0.023319082782743875,-0.28254955305091334,0.0
signal_10_plus_ssl_pca5,platt,0.39,0.023405095793008094,-0.30357495555994474,0.0
signal_10_plus_ssl_pca5,platt,0.4,0.01606425702811245,-0.32530120481927716,0.0
signal_10_plus_ssl_pca5,platt,0.41,0.00867878292832347,-0.3477639371043495,0.0
signal_10_plus_ssl_pca5,platt,0.42,0.0116327378479435,-0.3710012463647694,0.0
signal_10_plus_ssl_pca5,platt,0.43,0.010357218347072504,-0.39505389980976535,0.0
signal_10_plus_ssl_pca5,platt,0.44,0.009036144578313254,-0.41996557659208267,0.0
signal_10_plus_ssl_pca5,platt,0.45,0.007667031763417306,-0.4457831325301205,0.0
signal_10_plus_ssl_pca5,platt,0.46,0.006247211066488172,-0.4725568942436412,0.0
signal_10_plus_ssl_pca5,platt,0.47,-0.0012502841554898822,-0.5003409865878609,0.0
signal_10_plus_ssl_pca5,platt,0.48,0.0027803521779425425,-0.5291936978683967,0.0
signal_10_plus_ssl_pca5,platt,0.49,0.0014174344436569813,-0.5591778880226789,0.0
signal_10_plus_ssl_pca5,platt,0.5,0.012048192771084335,-0.5903614457831325,0.0
signal_10_plus_ssl_pca5,raw,0.05,0.16296766011414077,0.16296766011414077,0.0
signal_10_plus_ssl_pca5,raw,0.060000000000000005,0.1540630607536529,0.1540630607536529,0.0
signal_10_plus_ssl_pca5,raw,0.07,0.14587381785205336,0.14496696463272443,0.0
signal_10_plus_ssl_pca5,raw,0.08,0.13724463069669984,0.13567312729177577,0.0
signal_10_plus_ssl_pca5,raw,0.09,0.1279623990467364,0.12617502978948764,0.0
signal_10_plus_ssl_pca5,raw,0.1,0.11914323962516732,0.11646586345381525,0.0
signal_10_plus_ssl_pca5,raw,0.11,0.1102612697982943,0.10653851360498172,0.0
signal_10_plus_ssl_pca5,raw,0.12000000000000001,0.10213581599123765,0.09638554216867468,0.0
signal_10_plus_ssl_pca5,raw,0.13,0.0871762913723861,0.0859991690901537,0.0
signal_10_plus_ssl_pca5,raw,0.14,0.0771924908938078,0.07537125245166712,0.0
signal_10_plus_ssl_pca5,raw,0.15000000000000002,0.06909992912827778,0.06449326718639259,0.0
signal_10_plus_ssl_pca5,raw,0.16,0.06110154905335627,0.05335628227194489,0.0
signal_10_plus_ssl_pca5,raw,0.16999999999999998,0.04115256205545073,0.041950936275221395,0.0
signal_10_plus_ssl_pca5,raw,0.18,0.030708198648251556,0.03026741110784603,0.0
signal_10_plus_ssl_pca5,raw,0.19,0.022832069016807954,0.018295403837572527,0.0
signal_10_plus_ssl_pca5,raw,0.2,0.016566265060240948,0.00602409638554216,0.0
signal_10_plus_ssl_pca5,raw,0.21000000000000002,0.008998017385999674,-0.006557877077932012,0.0
signal_10_plus_ssl_pca5,raw,0.22000000000000003,0.0015446400988569364,-0.019462465245597832,0.0
signal_10_plus_ssl_pca5,raw,0.22999999999999998,-0.003989985917696753,-0.03270223752151463,0.0
signal_10_plus_ssl_pca5,raw,0.24,-0.014901712111604293,-0.04629042485732404,0.0
signal_10_plus_ssl_pca5,raw,0.25,-0.02409638554216867,-0.06024096385542166,0.0
signal_10_plus_ssl_pca5,raw,0.26,-0.03305112341256922,-0.07456854444806255,0.0
signal_10_plus_ssl_pca5,raw,0.27,-0.04811024921604229,-0.0892886614952963,0.0
signal_10_plus_ssl_pca5,raw,0.28,-0.05488621151271758,-0.104417670682731,0.0
signal_10_plus_ssl_pca5,raw,0.29,-0.061513660274902404,-0.11997284914305112,0.0
signal_10_plus_ssl_pca5,raw,0.3,-0.06884681583476768,-0.13597246127366613,0.0
signal_10_plus_ssl_pca5,raw,0.31,-0.07551946918107216,-0.1524358302776323,0.0
signal_10_plus_ssl_pca5,raw,0.32,-0.0928419560595323,-0.16938341601700924,0.0
signal_10_plus_ssl_pca5,raw,0.33,-0.10456752382664994,-0.1868368998381587,0.0
signal_10_plus_ssl_pca5,raw,0.33999999999999997,-0.10697334793720328,-0.20481927710843367,0.0
signal_10_plus_ssl_pca5,raw,0.35,-0.11214087117701574,-0.2233549582947173,0.0
signal_10_plus_ssl_pca5,raw,0.36,-0.12650602409638553,-0.2424698795180723,0.0
signal_10_plus_ssl_pca5,raw,0.37,-0.14094473130617707,-0.2621916236374068,0.0
signal_10_plus_ssl_pca5,raw,0.38,-0.1577924601632336,-0.28254955305091334,0.0
signal_10_plus_ssl_pca5,raw,0.39,-0.16235433537428404,-0.30357495555994474,0.0
signal_10_plus_ssl_pca5,raw,0.4,-0.17269076305220887,-0.32530120481927716,0.0
signal_10_plus_ssl_pca5,raw,0.41,-0.17255462528078408,-0.3477639371043495,0.0
signal_10_plus_ssl_pca5,raw,0.42,-0.19090153718321562,-0.3710012463647694,0.0
signal_10_plus_ssl_pca5,raw,0.43,-0.18695835975480862,-0.39505389980976535,0.0
signal_10_plus_ssl_pca5,raw,0.44,-0.185025817555938,-0.41996557659208267,0.0
signal_10_plus_ssl_pca5,raw,0.45,-0.19715224534501635,-0.4457831325301205,0.0
signal_10_plus_ssl_pca5,raw,0.46,-0.20972780008924585,-0.4725568942436412,0.0
signal_10_plus_ssl_pca5,raw,0.47,-0.22345987724482835,-0.5003409865878609,0.0
signal_10_plus_ssl_pca5,raw,0.48,-0.22567191844300272,-0.5291936978683967,0.0
signal_10_plus_ssl_pca5,raw,0.49,-0.23328608551854474,-0.5591778880226789,0.0
signal_10_plus_ssl_pca5,raw,0.5,-0.22891566265060243,-0.5903614457831325,0.0
