source_panel,model,curve,fpr,tpr,recall,precision,metric,point,bootstrap_mean,ci_2_5,ci_97_5,n_bootstrap_valid,comparison,bootstrap_mean_difference,scenario,feature,importance_mean_auprc,importance_std_auprc,importance_mean_auroc,importance_std_auroc,feature_family,feature_label,rank_auprc,rank_auroc,positive_importance_sum_auprc,positive_importance_mean_auprc,positive_importance_sum_auroc,positive_importance_mean_auroc,n_features
A_B,signal_features,roc,0.0,0.0,,,,,,,,,,,,,,,,,,,,,,,,,
A_B,signal_features,roc,0.0,0.0294117647058823,,,,,,,,,,,,,,,,,,,,,,,,,
A_B,signal_features,roc,0.0151515151515151,0.0294117647058823,,,,,,,,,,,,,,,,,,,,,,,,,
A_B,signal_features,roc,0.0151515151515151,0.088235294117647,,,,,,,,,,,,,,,,,,,,,,,,,
A_B,signal_features,roc,0.0378787878787878,0.088235294117647,,,,,,,,,,,,,,,,,,,,,,,,,
A_B,signal_features,roc,0.0378787878787878,0.1176470588235294,,,,,,,,,,,,,,,,,,,,,,,,,
A_B,signal_features,roc,0.053030303030303,0.1176470588235294,,,,,,,,,,,,,,,,,,,,,,,,,
A_B,signal_features,roc,0.053030303030303,0.1764705882352941,,,,,,,,,,,,,,,,,,,,,,,,,
A_B,signal_features,roc,0.0606060606060606,0.1764705882352941,,,,,,,,,,,,,,,,,,,,,,,,,
A_B,signal_features,roc,0.0606060606060606,0.2058823529411764,,,,,,,,,,,,,,,,,,,,,,,,,
A_B,signal_features,roc,0.0681818181818181,0.2058823529411764,,,,,,,,,,,,,,,,,,,,,,,,,
A_B,signal_features,roc,0.0681818181818181,0.2352941176470588,,,,,,,,,,,,,,,,,,,,,,,,,
A_B,signal_features,roc,0.1363636363636363,0.2352941176470588,,,,,,,,,,,,,,,,,,,,,,,,,
A_B,signal_features,roc,0.1363636363636363,0.2941176470588235,,,,,,,,,,,,,,,,,,,,,,,,,
A_B,signal_features,roc,0.1590909090909091,0.2941176470588235,,,,,,,,,,,,,,,,,,,,,,,,,
A_B,signal_features,roc,0.1590909090909091,0.3529411764705882,,,,,,,,,,,,,,,,,,,,,,,,,
A_B,signal_features,roc,0.1742424242424242,0.3529411764705882,,,,,,,,,,,,,,,,,,,,,,,,,
A_B,signal_features,roc,0.1742424242424242,0.3823529411764705,,,,,,,,,,,,,,,,,,,,,,,,,
A_B,signal_features,roc,0.2878787878787879,0.3823529411764705,,,,,,,,,,,,,,,,,,,,,,,,,
A_B,signal_features,roc,0.2878787878787879,0.4117647058823529,,,,,,,,,,,,,,,,,,,,,,,,,
A_B,signal_features,roc,0.3181818181818182,0.4117647058823529,,,,,,,,,,,,,,,,,,,,,,,,,
A_B,signal_features,roc,0.3181818181818182,0.4411764705882353,,,,,,,,,,,,,,,,,,,,,,,,,
A_B,signal_features,roc,0.3257575757575757,0.4411764705882353,,,,,,,,,,,,,,,,,,,,,,,,,
A_B,signal_features,roc,0.3257575757575757,0.4705882352941176,,,,,,,,,,,,,,,,,,,,,,,,,
A_B,signal_features,roc,0.3560606060606061,0.4705882352941176,,,,,,,,,,,,,,,,,,,,,,,,,
A_B,signal_features,roc,0.3560606060606061,0.5,,,,,,,,,,,,,,,,,,,,,,,,,
A_B,signal_features,roc,0.3712121212121212,0.5,,,,,,,,,,,,,,,,,,,,,,,,,
A_B,signal_features,roc,0.3712121212121212,0.5294117647058824,,,,,,,,,,,,,,,,,,,,,,,,,
A_B,signal_features,roc,0.3863636363636363,0.5294117647058824,,,,,,,,,,,,,,,,,,,,,,,,,
A_B,signal_features,roc,0.3863636363636363,0.5588235294117647,,,,,,,,,,,,,,,,,,,,,,,,,
A_B,signal_features,roc,0.4393939393939394,0.5588235294117647,,,,,,,,,,,,,,,,,,,,,,,,,
A_B,signal_features,roc,0.4393939393939394,0.5882352941176471,,,,,,,,,,,,,,,,,,,,,,,,,
A_B,signal_features,roc,0.4696969696969697,0.5882352941176471,,,,,,,,,,,,,,,,,,,,,,,,,
A_B,signal_features,roc,0.4696969696969697,0.6176470588235294,,,,,,,,,,,,,,,,,,,,,,,,,
A_B,signal_features,roc,0.4772727272727273,0.6176470588235294,,,,,,,,,,,,,,,,,,,,,,,,,
A_B,signal_features,roc,0.4772727272727273,0.6470588235294118,,,,,,,,,,,,,,,,,,,,,,,,,
A_B,signal_features,roc,0.4924242424242424,0.6470588235294118,,,,,,,,,,,,,,,,,,,,,,,,,
A_B,signal_features,roc,0.4924242424242424,0.6764705882352942,,,,,,,,,,,,,,,,,,,,,,,,,
A_B,signal_features,roc,0.5151515151515151,0.6764705882352942,,,,,,,,,,,,,,,,,,,,,,,,,
A_B,signal_features,roc,0.5151515151515151,0.7058823529411765,,,,,,,,,,,,,,,,,,,,,,,,,
A_B,signal_features,roc,0.5757575757575758,0.7058823529411765,,,,,,,,,,,,,,,,,,,,,,,,,
A_B,signal_features,roc,0.5757575757575758,0.7352941176470589,,,,,,,,,,,,,,,,,,,,,,,,,
A_B,signal_features,roc,0.5833333333333334,0.7352941176470589,,,,,,,,,,,,,,,,,,,,,,,,,
A_B,signal_features,roc,0.5833333333333334,0.7941176470588235,,,,,,,,,,,,,,,,,,,,,,,,,
A_B,signal_features,roc,0.6136363636363636,0.7941176470588235,,,,,,,,,,,,,,,,,,,,,,,,,
A_B,signal_features,roc,0.6136363636363636,0.8235294117647058,,,,,,,,,,,,,,,,,,,,,,,,,
A_B,signal_features,roc,0.6666666666666666,0.8235294117647058,,,,,,,,,,,,,,,,,,,,,,,,,
A_B,signal_features,roc,0.6666666666666666,0.8529411764705882,,,,,,,,,,,,,,,,,,,,,,,,,
A_B,signal_features,roc,0.6818181818181818,0.8529411764705882,,,,,,,,,,,,,,,,,,,,,,,,,
A_B,signal_features,roc,0.6818181818181818,0.8823529411764706,,,,,,,,,,,,,,,,,,,,,,,,,
A_B,signal_features,roc,0.7651515151515151,0.8823529411764706,,,,,,,,,,,,,,,,,,,,,,,,,
A_B,signal_features,roc,0.7651515151515151,0.9117647058823528,,,,,,,,,,,,,,,,,,,,,,,,,
A_B,signal_features,roc,0.7727272727272727,0.9117647058823528,,,,,,,,,,,,,,,,,,,,,,,,,
A_B,signal_features,roc,0.7727272727272727,0.9411764705882352,,,,,,,,,,,,,,,,,,,,,,,,,
A_B,signal_features,roc,0.9090909090909092,0.9411764705882352,,,,,,,,,,,,,,,,,,,,,,,,,
A_B,signal_features,roc,0.9090909090909092,1.0,,,,,,,,,,,,,,,,,,,,,,,,,
A_B,signal_features,roc,1.0,1.0,,,,,,,,,,,,,,,,,,,,,,,,,
A_B,signal_features,precision_recall,,,1.0,0.2048192771084337,,,,,,,,,,,,,,,,,,,,,,,
A_B,signal_features,precision_recall,,,1.0,0.206060606060606,,,,,,,,,,,,,,,,,,,,,,,
A_B,signal_features,precision_recall,,,1.0,0.2073170731707317,,,,,,,,,,,,,,,,,,,,,,,
A_B,signal_features,precision_recall,,,1.0,0.2085889570552147,,,,,,,,,,,,,,,,,,,,,,,
A_B,signal_features,precision_recall,,,1.0,0.2098765432098765,,,,,,,,,,,,,,,,,,,,,,,
A_B,signal_features,precision_recall,,,1.0,0.2111801242236025,,,,,,,,,,,,,,,,,,,,,,,
A_B,signal_features,precision_recall,,,1.0,0.2125,,,,,,,,,,,,,,,,,,,,,,,
A_B,signal_features,precision_recall,,,1.0,0.2138364779874214,,,,,,,,,,,,,,,,,,,,,,,
A_B,signal_features,precision_recall,,,1.0,0.2151898734177215,,,,,,,,,,,,,,,,,,,,,,,
A_B,signal_features,precision_recall,,,1.0,0.2165605095541401,,,,,,,,,,,,,,,,,,,,,,,
A_B,signal_features,precision_recall,,,1.0,0.2179487179487179,,,,,,,,,,,,,,,,,,,,,,,
A_B,signal_features,precision_recall,,,1.0,0.2193548387096774,,,,,,,,,,,,,,,,,,,,,,,
A_B,signal_features,precision_recall,,,1.0,0.2207792207792207,,,,,,,,,,,,,,,,,,,,,,,
A_B,signal_features,precision_recall,,,0.9705882352941176,0.2156862745098039,,,,,,,,,,,,,,,,,,,,,,,
A_B,signal_features,precision_recall,,,0.9411764705882352,0.2105263157894736,,,,,,,,,,,,,,,,,,,,,,,
A_B,signal_features,precision_recall,,,0.9411764705882352,0.2119205298013245,,,,,,,,,,,,,,,,,,,,,,,
A_B,signal_features,precision_recall,,,0.9411764705882352,0.2133333333333333,,,,,,,,,,,,,,,,,,,,,,,
A_B,signal_features,precision_recall,,,0.9411764705882352,0.2147651006711409,,,,,,,,,,,,,,,,,,,,,,,
A_B,signal_features,precision_recall,,,0.9411764705882352,0.2162162162162162,,,,,,,,,,,,,,,,,,,,,,,
A_B,signal_features,precision_recall,,,0.9411764705882352,0.2176870748299319,,,,,,,,,,,,,,,,,,,,,,,
A_B,signal_features,precision_recall,,,0.9411764705882352,0.2191780821917808,,,,,,,,,,,,,,,,,,,,,,,
A_B,signal_features,precision_recall,,,0.9411764705882352,0.2206896551724138,,,,,,,,,,,,,,,,,,,,,,,
A_B,signal_features,precision_recall,,,0.9411764705882352,0.2222222222222222,,,,,,,,,,,,,,,,,,,,,,,
A_B,signal_features,precision_recall,,,0.9411764705882352,0.2237762237762237,,,,,,,,,,,,,,,,,,,,,,,
A_B,signal_features,precision_recall,,,0.9411764705882352,0.2253521126760563,,,,,,,,,,,,,,,,,,,,,,,
A_B,signal_features,precision_recall,,,0.9411764705882352,0.226950354609929,,,,,,,,,,,,,,,,,,,,,,,
A_B,signal_features,precision_recall,,,0.9411764705882352,0.2285714285714285,,,,,,,,,,,,,,,,,,,,,,,
A_B,signal_features,precision_recall,,,0.9411764705882352,0.2302158273381295,,,,,,,,,,,,,,,,,,,,,,,
A_B,signal_features,precision_recall,,,0.9411764705882352,0.2318840579710145,,,,,,,,,,,,,,,,,,,,,,,
A_B,signal_features,precision_recall,,,0.9411764705882352,0.2335766423357664,,,,,,,,,,,,,,,,,,,,,,,
A_B,signal_features,precision_recall,,,0.9411764705882352,0.2352941176470588,,,,,,,,,,,,,,,,,,,,,,,
A_B,signal_features,precision_recall,,,0.9411764705882352,0.237037037037037,,,,,,,,,,,,,,,,,,,,,,,
A_B,signal_features,precision_recall,,,0.9411764705882352,0.2388059701492537,,,,,,,,,,,,,,,,,,,,,,,
A_B,signal_features,precision_recall,,,0.9117647058823528,0.2330827067669172,,,,,,,,,,,,,,,,,,,,,,,
A_B,signal_features,precision_recall,,,0.9117647058823528,0.2348484848484848,,,,,,,,,,,,,,,,,,,,,,,
A_B,signal_features,precision_recall,,,0.8823529411764706,0.2290076335877862,,,,,,,,,,,,,,,,,,,,,,,
A_B,signal_features,precision_recall,,,0.8823529411764706,0.2307692307692307,,,,,,,,,,,,,,,,,,,,,,,
A_B,signal_features,precision_recall,,,0.8823529411764706,0.2325581395348837,,,,,,,,,,,,,,,,,,,,,,,
A_B,signal_features,precision_recall,,,0.8823529411764706,0.234375,,,,,,,,,,,,,,,,,,,,,,,
A_B,signal_features,precision_recall,,,0.8823529411764706,0.2362204724409448,,,,,,,,,,,,,,,,,,,,,,,
A_B,signal_features,precision_recall,,,0.8823529411764706,0.238095238095238,,,,,,,,,,,,,,,,,,,,,,,
A_B,signal_features,precision_recall,,,0.8823529411764706,0.24,,,,,,,,,,,,,,,,,,,,,,,
A_B,signal_features,precision_recall,,,0.8823529411764706,0.2419354838709677,,,,,,,,,,,,,,,,,,,,,,,
A_B,signal_features,precision_recall,,,0.8823529411764706,0.2439024390243902,,,,,,,,,,,,,,,,,,,,,,,
A_B,signal_features,precision_recall,,,0.8823529411764706,0.2459016393442623,,,,,,,,,,,,,,,,,,,,,,,
A_B,signal_features,precision_recall,,,0.8823529411764706,0.2479338842975206,,,,,,,,,,,,,,,,,,,,,,,
A_B,signal_features,precision_recall,,,0.8823529411764706,0.25,,,,,,,,,,,,,,,,,,,,,,,
A_B,signal_features,precision_recall,,,0.8529411764705882,0.2436974789915966,,,,,,,,,,,,,,,,,,,,,,,
A_B,signal_features,precision_recall,,,0.8529411764705882,0.2457627118644068,,,,,,,,,,,,,,,,,,,,,,,
A_B,signal_features,precision_recall,,,0.8529411764705882,0.2478632478632478,,,,,,,,,,,,,,,,,,,,,,,
A_B,signal_features,precision_recall,,,0.8235294117647058,0.2413793103448276,,,,,,,,,,,,,,,,,,,,,,,
A_B,signal_features,precision_recall,,,0.8235294117647058,0.2434782608695652,,,,,,,,,,,,,,,,,,,,,,,
A_B,signal_features,precision_recall,,,0.8235294117647058,0.2456140350877192,,,,,,,,,,,,,,,,,,,,,,,
A_B,signal_features,precision_recall,,,0.8235294117647058,0.247787610619469,,,,,,,,,,,,,,,,,,,,,,,
A_B,signal_features,precision_recall,,,0.8235294117647058,0.25,,,,,,,,,,,,,,,,,,,,,,,
A_B,signal_features,precision_recall,,,0.8235294117647058,0.2522522522522522,,,,,,,,,,,,,,,,,,,,,,,
A_B,signal_features,precision_recall,,,0.8235294117647058,0.2545454545454545,,,,,,,,,,,,,,,,,,,,,,,
A_B,signal_features,precision_recall,,,0.8235294117647058,0.2568807339449541,,,,,,,,,,,,,,,,,,,,,,,
A_B,signal_features,precision_recall,,,0.7941176470588235,0.25,,,,,,,,,,,,,,,,,,,,,,,
A_B,signal_features,precision_recall,,,0.7941176470588235,0.2523364485981308,,,,,,,,,,,,,,,,,,,,,,,
A_B,signal_features,precision_recall,,,0.7941176470588235,0.2547169811320754,,,,,,,,,,,,,,,,,,,,,,,
A_B,signal_features,precision_recall,,,0.7941176470588235,0.2571428571428571,,,,,,,,,,,,,,,,,,,,,,,
A_B,signal_features,precision_recall,,,0.7941176470588235,0.2596153846153846,,,,,,,,,,,,,,,,,,,,,,,
A_B,signal_features,precision_recall,,,0.7647058823529411,0.2524271844660194,,,,,,,,,,,,,,,,,,,,,,,
A_B,signal_features,precision_recall,,,0.7352941176470589,0.2450980392156862,,,,,,,,,,,,,,,,,,,,,,,
A_B,signal_features,precision_recall,,,0.7352941176470589,0.2475247524752475,,,,,,,,,,,,,,,,,,,,,,,
A_B,signal_features,precision_recall,,,0.7058823529411765,0.24,,,,,,,,,,,,,,,,,,,,,,,
A_B,signal_features,precision_recall,,,0.7058823529411765,0.2424242424242424,,,,,,,,,,,,,,,,,,,,,,,
A_B,signal_features,precision_recall,,,0.7058823529411765,0.2448979591836734,,,,,,,,,,,,,,,,,,,,,,,
A_B,signal_features,precision_recall,,,0.7058823529411765,0.2474226804123711,,,,,,,,,,,,,,,,,,,,,,,
A_B,signal_features,precision_recall,,,0.7058823529411765,0.25,,,,,,,,,,,,,,,,,,,,,,,
A_B,signal_features,precision_recall,,,0.7058823529411765,0.2526315789473684,,,,,,,,,,,,,,,,,,,,,,,
A_B,signal_features,precision_recall,,,0.7058823529411765,0.2553191489361702,,,,,,,,,,,,,,,,,,,,,,,
A_B,signal_features,precision_recall,,,0.7058823529411765,0.2580645161290322,,,,,,,,,,,,,,,,,,,,,,,
A_B,signal_features,precision_recall,,,0.7058823529411765,0.2608695652173913,,,,,,,,,,,,,,,,,,,,,,,
A_B,signal_features,precision_recall,,,0.6764705882352942,0.2527472527472527,,,,,,,,,,,,,,,,,,,,,,,
A_B,signal_features,precision_recall,,,0.6764705882352942,0.2555555555555555,,,,,,,,,,,,,,,,,,,,,,,
A_B,signal_features,precision_recall,,,0.6764705882352942,0.2584269662921348,,,,,,,,,,,,,,,,,,,,,,,
A_B,signal_features,precision_recall,,,0.6764705882352942,0.2613636363636363,,,,,,,,,,,,,,,,,,,,,,,
A_B,signal_features,precision_recall,,,0.6470588235294118,0.2528735632183908,,,,,,,,,,,,,,,,,,,,,,,
A_B,signal_features,precision_recall,,,0.6470588235294118,0.2558139534883721,,,,,,,,,,,,,,,,,,,,,,,
A_B,signal_features,precision_recall,,,0.6470588235294118,0.2588235294117647,,,,,,,,,,,,,,,,,,,,,,,
A_B,signal_features,precision_recall,,,0.6176470588235294,0.25,,,,,,,,,,,,,,,,,,,,,,,
A_B,signal_features,precision_recall,,,0.6176470588235294,0.253012048192771,,,,,,,,,,,,,,,,,,,,,,,
A_B,signal_features,precision_recall,,,0.5882352941176471,0.2439024390243902,,,,,,,,,,,,,,,,,,,,,,,
A_B,signal_features,precision_recall,,,0.5882352941176471,0.2469135802469135,,,,,,,,,,,,,,,,,,,,,,,
A_B,signal_features,precision_recall,,,0.5882352941176471,0.25,,,,,,,,,,,,,,,,,,,,,,,
A_B,signal_features,precision_recall,,,0.5882352941176471,0.2531645569620253,,,,,,,,,,,,,,,,,,,,,,,
A_B,signal_features,precision_recall,,,0.5882352941176471,0.2564102564102564,,,,,,,,,,,,,,,,,,,,,,,
A_B,signal_features,precision_recall,,,0.5588235294117647,0.2467532467532467,,,,,,,,,,,,,,,,,,,,,,,
A_B,signal_features,precision_recall,,,0.5588235294117647,0.25,,,,,,,,,,,,,,,,,,,,,,,
A_B,signal_features,precision_recall,,,0.5588235294117647,0.2533333333333333,,,,,,,,,,,,,,,,,,,,,,,
A_B,signal_features,precision_recall,,,0.5588235294117647,0.2567567567567567,,,,,,,,,,,,,,,,,,,,,,,
A_B,signal_features,precision_recall,,,0.5588235294117647,0.2602739726027397,,,,,,,,,,,,,,,,,,,,,,,
A_B,signal_features,precision_recall,,,0.5588235294117647,0.2638888888888889,,,,,,,,,,,,,,,,,,,,,,,
A_B,signal_features,precision_recall,,,0.5588235294117647,0.2676056338028169,,,,,,,,,,,,,,,,,,,,,,,
A_B,signal_features,precision_recall,,,0.5588235294117647,0.2714285714285714,,,,,,,,,,,,,,,,,,,,,,,
A_B,signal_features,precision_recall,,,0.5294117647058824,0.2608695652173913,,,,,,,,,,,,,,,,,,,,,,,
A_B,signal_features,precision_recall,,,0.5294117647058824,0.2647058823529412,,,,,,,,,,,,,,,,,,,,,,,
A_B,signal_features,precision_recall,,,0.5294117647058824,0.2686567164179104,,,,,,,,,,,,,,,,,,,,,,,
A_B,signal_features,precision_recall,,,0.5,0.2575757575757575,,,,,,,,,,,,,,,,,,,,,,,
A_B,signal_features,precision_recall,,,0.5,0.2615384615384615,,,,,,,,,,,,,,,,,,,,,,,
A_B,signal_features,precision_recall,,,0.5,0.265625,,,,,,,,,,,,,,,,,,,,,,,
A_B,signal_features,precision_recall,,,0.4705882352941176,0.2539682539682539,,,,,,,,,,,,,,,,,,,,,,,
A_B,signal_features,precision_recall,,,0.4705882352941176,0.2580645161290322,,,,,,,,,,,,,,,,,,,,,,,
A_B,signal_features,precision_recall,,,0.4705882352941176,0.2622950819672131,,,,,,,,,,,,,,,,,,,,,,,
A_B,signal_features,precision_recall,,,0.4705882352941176,0.2666666666666666,,,,,,,,,,,,,,,,,,,,,,,
A_B,signal_features,precision_recall,,,0.4705882352941176,0.2711864406779661,,,,,,,,,,,,,,,,,,,,,,,
A_B,signal_features,precision_recall,,,0.4411764705882353,0.2586206896551724,,,,,,,,,,,,,,,,,,,,,,,
A_B,signal_features,precision_recall,,,0.4411764705882353,0.2631578947368421,,,,,,,,,,,,,,,,,,,,,,,
A_B,signal_features,precision_recall,,,0.4117647058823529,0.25,,,,,,,,,,,,,,,,,,,,,,,
A_B,signal_features,precision_recall,,,0.4117647058823529,0.2545454545454545,,,,,,,,,,,,,,,,,,,,,,,
A_B,signal_features,precision_recall,,,0.4117647058823529,0.2592592592592592,,,,,,,,,,,,,,,,,,,,,,,
A_B,signal_features,precision_recall,,,0.4117647058823529,0.2641509433962264,,,,,,,,,,,,,,,,,,,,,,,
A_B,signal_features,precision_recall,,,0.4117647058823529,0.2692307692307692,,,,,,,,,,,,,,,,,,,,,,,
A_B,signal_features,precision_recall,,,0.3823529411764705,0.2549019607843137,,,,,,,,,,,,,,,,,,,,,,,
A_B,signal_features,precision_recall,,,0.3823529411764705,0.26,,,,,,,,,,,,,,,,,,,,,,,
A_B,signal_features,precision_recall,,,0.3823529411764705,0.2653061224489796,,,,,,,,,,,,,,,,,,,,,,,
A_B,signal_features,precision_recall,,,0.3823529411764705,0.2708333333333333,,,,,,,,,,,,,,,,,,,,,,,
A_B,signal_features,precision_recall,,,0.3823529411764705,0.2765957446808511,,,,,,,,,,,,,,,,,,,,,,,
A_B,signal_features,precision_recall,,,0.3823529411764705,0.2826086956521739,,,,,,,,,,,,,,,,,,,,,,,
A_B,signal_features,precision_recall,,,0.3823529411764705,0.2888888888888888,,,,,,,,,,,,,,,,,,,,,,,
A_B,signal_features,precision_recall,,,0.3823529411764705,0.2954545454545454,,,,,,,,,,,,,,,,,,,,,,,
A_B,signal_features,precision_recall,,,0.3823529411764705,0.3023255813953488,,,,,,,,,,,,,,,,,,,,,,,
A_B,signal_features,precision_recall,,,0.3823529411764705,0.3095238095238095,,,,,,,,,,,,,,,,,,,,,,,
A_B,signal_features,precision_recall,,,0.3823529411764705,0.3170731707317073,,,,,,,,,,,,,,,,,,,,,,,
A_B,signal_features,precision_recall,,,0.3823529411764705,0.325,,,,,,,,,,,,,,,,,,,,,,,
A_B,signal_features,precision_recall,,,0.3823529411764705,0.3333333333333333,,,,,,,,,,,,,,,,,,,,,,,
A_B,signal_features,precision_recall,,,0.3823529411764705,0.3421052631578947,,,,,,,,,,,,,,,,,,,,,,,
A_B,signal_features,precision_recall,,,0.3823529411764705,0.3513513513513513,,,,,,,,,,,,,,,,,,,,,,,
A_B,signal_features,precision_recall,,,0.3823529411764705,0.3611111111111111,,,,,,,,,,,,,,,,,,,,,,,
A_B,signal_features,precision_recall,,,0.3529411764705882,0.3428571428571428,,,,,,,,,,,,,,,,,,,,,,,
A_B,signal_features,precision_recall,,,0.3529411764705882,0.3529411764705882,,,,,,,,,,,,,,,,,,,,,,,
A_B,signal_features,precision_recall,,,0.3529411764705882,0.3636363636363636,,,,,,,,,,,,,,,,,,,,,,,
A_B,signal_features,precision_recall,,,0.3235294117647059,0.34375,,,,,,,,,,,,,,,,,,,,,,,
A_B,signal_features,precision_recall,,,0.2941176470588235,0.3225806451612903,,,,,,,,,,,,,,,,,,,,,,,
A_B,signal_features,precision_recall,,,0.2941176470588235,0.3333333333333333,,,,,,,,,,,,,,,,,,,,,,,
A_B,signal_features,precision_recall,,,0.2941176470588235,0.3448275862068966,,,,,,,,,,,,,,,,,,,,,,,
A_B,signal_features,precision_recall,,,0.2941176470588235,0.3571428571428571,,,,,,,,,,,,,,,,,,,,,,,
A_B,signal_features,precision_recall,,,0.2647058823529412,0.3333333333333333,,,,,,,,,,,,,,,,,,,,,,,
A_B,signal_features,precision_recall,,,0.2352941176470588,0.3076923076923077,,,,,,,,,,,,,,,,,,,,,,,
A_B,signal_features,precision_recall,,,0.2352941176470588,0.32,,,,,,,,,,,,,,,,,,,,,,,
A_B,signal_features,precision_recall,,,0.2352941176470588,0.3333333333333333,,,,,,,,,,,,,,,,,,,,,,,
A_B,signal_features,precision_recall,,,0.2352941176470588,0.3478260869565217,,,,,,,,,,,,,,,,,,,,,,,
A_B,signal_features,precision_recall,,,0.2352941176470588,0.3636363636363636,,,,,,,,,,,,,,,,,,,,,,,
A_B,signal_features,precision_recall,,,0.2352941176470588,0.3809523809523809,,,,,,,,,,,,,,,,,,,,,,,
A_B,signal_features,precision_recall,,,0.2352941176470588,0.4,,,,,,,,,,,,,,,,,,,,,,,
A_B,signal_features,precision_recall,,,0.2352941176470588,0.4210526315789473,,,,,,,,,,,,,,,,,,,,,,,
A_B,signal_features,precision_recall,,,0.2352941176470588,0.4444444444444444,,,,,,,,,,,,,,,,,,,,,,,
A_B,signal_features,precision_recall,,,0.2352941176470588,0.4705882352941176,,,,,,,,,,,,,,,,,,,,,,,
A_B,signal_features,precision_recall,,,0.2058823529411764,0.4375,,,,,,,,,,,,,,,,,,,,,,,
A_B,signal_features,precision_recall,,,0.2058823529411764,0.4666666666666667,,,,,,,,,,,,,,,,,,,,,,,
A_B,signal_features,precision_recall,,,0.1764705882352941,0.4285714285714285,,,,,,,,,,,,,,,,,,,,,,,
A_B,signal_features,precision_recall,,,0.1764705882352941,0.4615384615384615,,,,,,,,,,,,,,,,,,,,,,,
A_B,signal_features,precision_recall,,,0.1470588235294117,0.4166666666666667,,,,,,,,,,,,,,,,,,,,,,,
A_B,signal_features,precision_recall,,,0.1176470588235294,0.3636363636363636,,,,,,,,,,,,,,,,,,,,,,,
A_B,signal_features,precision_recall,,,0.1176470588235294,0.4,,,,,,,,,,,,,,,,,,,,,,,
A_B,signal_features,precision_recall,,,0.1176470588235294,0.4444444444444444,,,,,,,,,,,,,,,,,,,,,,,
A_B,signal_features,precision_recall,,,0.088235294117647,0.375,,,,,,,,,,,,,,,,,,,,,,,
A_B,signal_features,precision_recall,,,0.088235294117647,0.4285714285714285,,,,,,,,,,,,,,,,,,,,,,,
A_B,signal_features,precision_recall,,,0.088235294117647,0.5,,,,,,,,,,,,,,,,,,,,,,,
A_B,signal_features,precision_recall,,,0.088235294117647,0.6,,,,,,,,,,,,,,,,,,,,,,,
A_B,signal_features,precision_recall,,,0.0588235294117647,0.5,,,,,,,,,,,,,,,,,,,,,,,
A_B,signal_features,precision_recall,,,0.0294117647058823,0.3333333333333333,,,,,,,,,,,,,,,,,,,,,,,
A_B,signal_features,precision_recall,,,0.0294117647058823,0.5,,,,,,,,,,,,,,,,,,,,,,,
A_B,signal_features,precision_recall,,,0.0294117647058823,1.0,,,,,,,,,,,,,,,,,,,,,,,
A_B,signal_features,precision_recall,,,0.0,1.0,,,,,,,,,,,,,,,,,,,,,,,
A_B,ssl_embeddings,roc,0.0,0.0,,,,,,,,,,,,,,,,,,,,,,,,,
A_B,ssl_embeddings,roc,0.0075757575757575,0.0,,,,,,,,,,,,,,,,,,,,,,,,,
A_B,ssl_embeddings,roc,0.0606060606060606,0.0,,,,,,,,,,,,,,,,,,,,,,,,,
A_B,ssl_embeddings,roc,0.0606060606060606,0.0588235294117647,,,,,,,,,,,,,,,,,,,,,,,,,
A_B,ssl_embeddings,roc,0.0681818181818181,0.0588235294117647,,,,,,,,,,,,,,,,,,,,,,,,,
A_B,ssl_embeddings,roc,0.0681818181818181,0.1176470588235294,,,,,,,,,,,,,,,,,,,,,,,,,
A_B,ssl_embeddings,roc,0.106060606060606,0.1176470588235294,,,,,,,,,,,,,,,,,,,,,,,,,
A_B,ssl_embeddings,roc,0.106060606060606,0.1470588235294117,,,,,,,,,,,,,,,,,,,,,,,,,
A_B,ssl_embeddings,roc,0.1515151515151515,0.1470588235294117,,,,,,,,,,,,,,,,,,,,,,,,,
A_B,ssl_embeddings,roc,0.1515151515151515,0.2058823529411764,,,,,,,,,,,,,,,,,,,,,,,,,
A_B,ssl_embeddings,roc,0.2575757575757575,0.2058823529411764,,,,,,,,,,,,,,,,,,,,,,,,,
A_B,ssl_embeddings,roc,0.2575757575757575,0.2352941176470588,,,,,,,,,,,,,,,,,,,,,,,,,
A_B,ssl_embeddings,roc,0.2651515151515151,0.2352941176470588,,,,,,,,,,,,,,,,,,,,,,,,,
A_B,ssl_embeddings,roc,0.2651515151515151,0.2647058823529412,,,,,,,,,,,,,,,,,,,,,,,,,
A_B,ssl_embeddings,roc,0.2727272727272727,0.2647058823529412,,,,,,,,,,,,,,,,,,,,,,,,,
A_B,ssl_embeddings,roc,0.2727272727272727,0.2941176470588235,,,,,,,,,,,,,,,,,,,,,,,,,
A_B,ssl_embeddings,roc,0.2878787878787879,0.2941176470588235,,,,,,,,,,,,,,,,,,,,,,,,,
A_B,ssl_embeddings,roc,0.2878787878787879,0.3235294117647059,,,,,,,,,,,,,,,,,,,,,,,,,
A_B,ssl_embeddings,roc,0.3787878787878788,0.3235294117647059,,,,,,,,,,,,,,,,,,,,,,,,,
A_B,ssl_embeddings,roc,0.3787878787878788,0.3529411764705882,,,,,,,,,,,,,,,,,,,,,,,,,
A_B,ssl_embeddings,roc,0.3863636363636363,0.3529411764705882,,,,,,,,,,,,,,,,,,,,,,,,,
A_B,ssl_embeddings,roc,0.3863636363636363,0.3823529411764705,,,,,,,,,,,,,,,,,,,,,,,,,
A_B,ssl_embeddings,roc,0.4166666666666667,0.3823529411764705,,,,,,,,,,,,,,,,,,,,,,,,,
A_B,ssl_embeddings,roc,0.4166666666666667,0.4117647058823529,,,,,,,,,,,,,,,,,,,,,,,,,
A_B,ssl_embeddings,roc,0.4242424242424242,0.4117647058823529,,,,,,,,,,,,,,,,,,,,,,,,,
A_B,ssl_embeddings,roc,0.4242424242424242,0.4411764705882353,,,,,,,,,,,,,,,,,,,,,,,,,
A_B,ssl_embeddings,roc,0.4393939393939394,0.4411764705882353,,,,,,,,,,,,,,,,,,,,,,,,,
A_B,ssl_embeddings,roc,0.4393939393939394,0.4705882352941176,,,,,,,,,,,,,,,,,,,,,,,,,
A_B,ssl_embeddings,roc,0.4696969696969697,0.4705882352941176,,,,,,,,,,,,,,,,,,,,,,,,,
A_B,ssl_embeddings,roc,0.4696969696969697,0.5,,,,,,,,,,,,,,,,,,,,,,,,,
A_B,ssl_embeddings,roc,0.5,0.5,,,,,,,,,,,,,,,,,,,,,,,,,
A_B,ssl_embeddings,roc,0.5,0.5294117647058824,,,,,,,,,,,,,,,,,,,,,,,,,
A_B,ssl_embeddings,roc,0.5151515151515151,0.5294117647058824,,,,,,,,,,,,,,,,,,,,,,,,,
A_B,ssl_embeddings,roc,0.5151515151515151,0.5588235294117647,,,,,,,,,,,,,,,,,,,,,,,,,
A_B,ssl_embeddings,roc,0.5378787878787878,0.5588235294117647,,,,,,,,,,,,,,,,,,,,,,,,,
A_B,ssl_embeddings,roc,0.5378787878787878,0.5882352941176471,,,,,,,,,,,,,,,,,,,,,,,,,
A_B,ssl_embeddings,roc,0.5833333333333334,0.5882352941176471,,,,,,,,,,,,,,,,,,,,,,,,,
A_B,ssl_embeddings,roc,0.5833333333333334,0.6470588235294118,,,,,,,,,,,,,,,,,,,,,,,,,
A_B,ssl_embeddings,roc,0.6287878787878788,0.6470588235294118,,,,,,,,,,,,,,,,,,,,,,,,,
A_B,ssl_embeddings,roc,0.6287878787878788,0.6764705882352942,,,,,,,,,,,,,,,,,,,,,,,,,
A_B,ssl_embeddings,roc,0.6666666666666666,0.6764705882352942,,,,,,,,,,,,,,,,,,,,,,,,,
A_B,ssl_embeddings,roc,0.6666666666666666,0.7058823529411765,,,,,,,,,,,,,,,,,,,,,,,,,
A_B,ssl_embeddings,roc,0.7348484848484849,0.7058823529411765,,,,,,,,,,,,,,,,,,,,,,,,,
A_B,ssl_embeddings,roc,0.7348484848484849,0.7352941176470589,,,,,,,,,,,,,,,,,,,,,,,,,
A_B,ssl_embeddings,roc,0.8181818181818182,0.7352941176470589,,,,,,,,,,,,,,,,,,,,,,,,,
A_B,ssl_embeddings,roc,0.8181818181818182,0.7647058823529411,,,,,,,,,,,,,,,,,,,,,,,,,
A_B,ssl_embeddings,roc,0.8484848484848485,0.7647058823529411,,,,,,,,,,,,,,,,,,,,,,,,,
A_B,ssl_embeddings,roc,0.8484848484848485,0.7941176470588235,,,,,,,,,,,,,,,,,,,,,,,,,
A_B,ssl_embeddings,roc,0.9090909090909092,0.7941176470588235,,,,,,,,,,,,,,,,,,,,,,,,,
A_B,ssl_embeddings,roc,0.9090909090909092,0.9411764705882352,,,,,,,,,,,,,,,,,,,,,,,,,
A_B,ssl_embeddings,roc,0.9772727272727272,0.9411764705882352,,,,,,,,,,,,,,,,,,,,,,,,,
A_B,ssl_embeddings,roc,0.9772727272727272,1.0,,,,,,,,,,,,,,,,,,,,,,,,,
A_B,ssl_embeddings,roc,1.0,1.0,,,,,,,,,,,,,,,,,,,,,,,,,
A_B,ssl_embeddings,precision_recall,,,1.0,0.2048192771084337,,,,,,,,,,,,,,,,,,,,,,,
A_B,ssl_embeddings,precision_recall,,,1.0,0.206060606060606,,,,,,,,,,,,,,,,,,,,,,,
A_B,ssl_embeddings,precision_recall,,,1.0,0.2073170731707317,,,,,,,,,,,,,,,,,,,,,,,
A_B,ssl_embeddings,precision_recall,,,1.0,0.2085889570552147,,,,,,,,,,,,,,,,,,,,,,,
A_B,ssl_embeddings,precision_recall,,,0.9705882352941176,0.2037037037037037,,,,,,,,,,,,,,,,,,,,,,,
A_B,ssl_embeddings,precision_recall,,,0.9411764705882352,0.1987577639751552,,,,,,,,,,,,,,,,,,,,,,,
A_B,ssl_embeddings,precision_recall,,,0.9411764705882352,0.2,,,,,,,,,,,,,,,,,,,,,,,
A_B,ssl_embeddings,precision_recall,,,0.9411764705882352,0.2012578616352201,,,,,,,,,,,,,,,,,,,,,,,
A_B,ssl_embeddings,precision_recall,,,0.9411764705882352,0.2025316455696202,,,,,,,,,,,,,,,,,,,,,,,
A_B,ssl_embeddings,precision_recall,,,0.9411764705882352,0.2038216560509554,,,,,,,,,,,,,,,,,,,,,,,
A_B,ssl_embeddings,precision_recall,,,0.9411764705882352,0.2051282051282051,,,,,,,,,,,,,,,,,,,,,,,
A_B,ssl_embeddings,precision_recall,,,0.9411764705882352,0.2064516129032258,,,,,,,,,,,,,,,,,,,,,,,
A_B,ssl_embeddings,precision_recall,,,0.9411764705882352,0.2077922077922078,,,,,,,,,,,,,,,,,,,,,,,
A_B,ssl_embeddings,precision_recall,,,0.9411764705882352,0.2091503267973856,,,,,,,,,,,,,,,,,,,,,,,
A_B,ssl_embeddings,precision_recall,,,0.9411764705882352,0.2105263157894736,,,,,,,,,,,,,,,,,,,,,,,
A_B,ssl_embeddings,precision_recall,,,0.9117647058823528,0.2052980132450331,,,,,,,,,,,,,,,,,,,,,,,
A_B,ssl_embeddings,precision_recall,,,0.8823529411764706,0.2,,,,,,,,,,,,,,,,,,,,,,,
A_B,ssl_embeddings,precision_recall,,,0.8529411764705882,0.1946308724832214,,,,,,,,,,,,,,,,,,,,,,,
A_B,ssl_embeddings,precision_recall,,,0.8235294117647058,0.1891891891891892,,,,,,,,,,,,,,,,,,,,,,,
A_B,ssl_embeddings,precision_recall,,,0.7941176470588235,0.1836734693877551,,,,,,,,,,,,,,,,,,,,,,,
A_B,ssl_embeddings,precision_recall,,,0.7941176470588235,0.184931506849315,,,,,,,,,,,,,,,,,,,,,,,
A_B,ssl_embeddings,precision_recall,,,0.7941176470588235,0.1862068965517241,,,,,,,,,,,,,,,,,,,,,,,
A_B,ssl_embeddings,precision_recall,,,0.7941176470588235,0.1875,,,,,,,,,,,,,,,,,,,,,,,
A_B,ssl_embeddings,precision_recall,,,0.7941176470588235,0.1888111888111888,,,,,,,,,,,,,,,,,,,,,,,
A_B,ssl_embeddings,precision_recall,,,0.7941176470588235,0.1901408450704225,,,,,,,,,,,,,,,,,,,,,,,
A_B,ssl_embeddings,precision_recall,,,0.7941176470588235,0.1914893617021276,,,,,,,,,,,,,,,,,,,,,,,
A_B,ssl_embeddings,precision_recall,,,0.7941176470588235,0.1928571428571428,,,,,,,,,,,,,,,,,,,,,,,
A_B,ssl_embeddings,precision_recall,,,0.7941176470588235,0.1942446043165467,,,,,,,,,,,,,,,,,,,,,,,
A_B,ssl_embeddings,precision_recall,,,0.7647058823529411,0.1884057971014492,,,,,,,,,,,,,,,,,,,,,,,
A_B,ssl_embeddings,precision_recall,,,0.7647058823529411,0.1897810218978102,,,,,,,,,,,,,,,,,,,,,,,
A_B,ssl_embeddings,precision_recall,,,0.7647058823529411,0.1911764705882352,,,,,,,,,,,,,,,,,,,,,,,
A_B,ssl_embeddings,precision_recall,,,0.7647058823529411,0.1925925925925926,,,,,,,,,,,,,,,,,,,,,,,
A_B,ssl_embeddings,precision_recall,,,0.7647058823529411,0.1940298507462686,,,,,,,,,,,,,,,,,,,,,,,
A_B,ssl_embeddings,precision_recall,,,0.7352941176470589,0.18796992481203,,,,,,,,,,,,,,,,,,,,,,,
A_B,ssl_embeddings,precision_recall,,,0.7352941176470589,0.1893939393939394,,,,,,,,,,,,,,,,,,,,,,,
A_B,ssl_embeddings,precision_recall,,,0.7352941176470589,0.1908396946564885,,,,,,,,,,,,,,,,,,,,,,,
A_B,ssl_embeddings,precision_recall,,,0.7352941176470589,0.1923076923076923,,,,,,,,,,,,,,,,,,,,,,,
A_B,ssl_embeddings,precision_recall,,,0.7352941176470589,0.1937984496124031,,,,,,,,,,,,,,,,,,,,,,,
A_B,ssl_embeddings,precision_recall,,,0.7352941176470589,0.1953125,,,,,,,,,,,,,,,,,,,,,,,
A_B,ssl_embeddings,precision_recall,,,0.7352941176470589,0.1968503937007874,,,,,,,,,,,,,,,,,,,,,,,
A_B,ssl_embeddings,precision_recall,,,0.7352941176470589,0.1984126984126984,,,,,,,,,,,,,,,,,,,,,,,
A_B,ssl_embeddings,precision_recall,,,0.7352941176470589,0.2,,,,,,,,,,,,,,,,,,,,,,,
A_B,ssl_embeddings,precision_recall,,,0.7352941176470589,0.2016129032258064,,,,,,,,,,,,,,,,,,,,,,,
A_B,ssl_embeddings,precision_recall,,,0.7352941176470589,0.2032520325203252,,,,,,,,,,,,,,,,,,,,,,,
A_B,ssl_embeddings,precision_recall,,,0.7352941176470589,0.2049180327868852,,,,,,,,,,,,,,,,,,,,,,,
A_B,ssl_embeddings,precision_recall,,,0.7058823529411765,0.1983471074380165,,,,,,,,,,,,,,,,,,,,,,,
A_B,ssl_embeddings,precision_recall,,,0.7058823529411765,0.2,,,,,,,,,,,,,,,,,,,,,,,
A_B,ssl_embeddings,precision_recall,,,0.7058823529411765,0.2016806722689075,,,,,,,,,,,,,,,,,,,,,,,
A_B,ssl_embeddings,precision_recall,,,0.7058823529411765,0.2033898305084746,,,,,,,,,,,,,,,,,,,,,,,
A_B,ssl_embeddings,precision_recall,,,0.7058823529411765,0.2051282051282051,,,,,,,,,,,,,,,,,,,,,,,
A_B,ssl_embeddings,precision_recall,,,0.7058823529411765,0.2068965517241379,,,,,,,,,,,,,,,,,,,,,,,
A_B,ssl_embeddings,precision_recall,,,0.7058823529411765,0.208695652173913,,,,,,,,,,,,,,,,,,,,,,,
A_B,ssl_embeddings,precision_recall,,,0.7058823529411765,0.2105263157894736,,,,,,,,,,,,,,,,,,,,,,,
A_B,ssl_embeddings,precision_recall,,,0.7058823529411765,0.2123893805309734,,,,,,,,,,,,,,,,,,,,,,,
A_B,ssl_embeddings,precision_recall,,,0.7058823529411765,0.2142857142857142,,,,,,,,,,,,,,,,,,,,,,,
A_B,ssl_embeddings,precision_recall,,,0.6764705882352942,0.2072072072072072,,,,,,,,,,,,,,,,,,,,,,,
A_B,ssl_embeddings,precision_recall,,,0.6764705882352942,0.209090909090909,,,,,,,,,,,,,,,,,,,,,,,
A_B,ssl_embeddings,precision_recall,,,0.6764705882352942,0.2110091743119266,,,,,,,,,,,,,,,,,,,,,,,
A_B,ssl_embeddings,precision_recall,,,0.6764705882352942,0.2129629629629629,,,,,,,,,,,,,,,,,,,,,,,
A_B,ssl_embeddings,precision_recall,,,0.6764705882352942,0.2149532710280373,,,,,,,,,,,,,,,,,,,,,,,
A_B,ssl_embeddings,precision_recall,,,0.6764705882352942,0.2169811320754717,,,,,,,,,,,,,,,,,,,,,,,
A_B,ssl_embeddings,precision_recall,,,0.6470588235294118,0.2095238095238095,,,,,,,,,,,,,,,,,,,,,,,
A_B,ssl_embeddings,precision_recall,,,0.6470588235294118,0.2115384615384615,,,,,,,,,,,,,,,,,,,,,,,
A_B,ssl_embeddings,precision_recall,,,0.6470588235294118,0.2135922330097087,,,,,,,,,,,,,,,,,,,,,,,
A_B,ssl_embeddings,precision_recall,,,0.6470588235294118,0.2156862745098039,,,,,,,,,,,,,,,,,,,,,,,
A_B,ssl_embeddings,precision_recall,,,0.6470588235294118,0.2178217821782178,,,,,,,,,,,,,,,,,,,,,,,
A_B,ssl_embeddings,precision_recall,,,0.6470588235294118,0.22,,,,,,,,,,,,,,,,,,,,,,,
A_B,ssl_embeddings,precision_recall,,,0.6470588235294118,0.2222222222222222,,,,,,,,,,,,,,,,,,,,,,,
A_B,ssl_embeddings,precision_recall,,,0.6176470588235294,0.2142857142857142,,,,,,,,,,,,,,,,,,,,,,,
A_B,ssl_embeddings,precision_recall,,,0.5882352941176471,0.2061855670103092,,,,,,,,,,,,,,,,,,,,,,,
A_B,ssl_embeddings,precision_recall,,,0.5882352941176471,0.2083333333333333,,,,,,,,,,,,,,,,,,,,,,,
A_B,ssl_embeddings,precision_recall,,,0.5882352941176471,0.2105263157894736,,,,,,,,,,,,,,,,,,,,,,,
A_B,ssl_embeddings,precision_recall,,,0.5882352941176471,0.2127659574468085,,,,,,,,,,,,,,,,,,,,,,,
A_B,ssl_embeddings,precision_recall,,,0.5882352941176471,0.2150537634408602,,,,,,,,,,,,,,,,,,,,,,,
A_B,ssl_embeddings,precision_recall,,,0.5882352941176471,0.217391304347826,,,,,,,,,,,,,,,,,,,,,,,
A_B,ssl_embeddings,precision_recall,,,0.5882352941176471,0.2197802197802197,,,,,,,,,,,,,,,,,,,,,,,
A_B,ssl_embeddings,precision_recall,,,0.5588235294117647,0.2111111111111111,,,,,,,,,,,,,,,,,,,,,,,
A_B,ssl_embeddings,precision_recall,,,0.5588235294117647,0.2134831460674157,,,,,,,,,,,,,,,,,,,,,,,
A_B,ssl_embeddings,precision_recall,,,0.5588235294117647,0.2159090909090909,,,,,,,,,,,,,,,,,,,,,,,
A_B,ssl_embeddings,precision_recall,,,0.5588235294117647,0.2183908045977011,,,,,,,,,,,,,,,,,,,,,,,
A_B,ssl_embeddings,precision_recall,,,0.5294117647058824,0.2093023255813953,,,,,,,,,,,,,,,,,,,,,,,
A_B,ssl_embeddings,precision_recall,,,0.5294117647058824,0.2117647058823529,,,,,,,,,,,,,,,,,,,,,,,
A_B,ssl_embeddings,precision_recall,,,0.5294117647058824,0.2142857142857142,,,,,,,,,,,,,,,,,,,,,,,
A_B,ssl_embeddings,precision_recall,,,0.5,0.2048192771084337,,,,,,,,,,,,,,,,,,,,,,,
A_B,ssl_embeddings,precision_recall,,,0.5,0.2073170731707317,,,,,,,,,,,,,,,,,,,,,,,
A_B,ssl_embeddings,precision_recall,,,0.5,0.2098765432098765,,,,,,,,,,,,,,,,,,,,,,,
A_B,ssl_embeddings,precision_recall,,,0.5,0.2125,,,,,,,,,,,,,,,,,,,,,,,
A_B,ssl_embeddings,precision_recall,,,0.5,0.2151898734177215,,,,,,,,,,,,,,,,,,,,,,,
A_B,ssl_embeddings,precision_recall,,,0.4705882352941176,0.2051282051282051,,,,,,,,,,,,,,,,,,,,,,,
A_B,ssl_embeddings,precision_recall,,,0.4705882352941176,0.2077922077922078,,,,,,,,,,,,,,,,,,,,,,,
A_B,ssl_embeddings,precision_recall,,,0.4705882352941176,0.2105263157894736,,,,,,,,,,,,,,,,,,,,,,,
A_B,ssl_embeddings,precision_recall,,,0.4705882352941176,0.2133333333333333,,,,,,,,,,,,,,,,,,,,,,,
A_B,ssl_embeddings,precision_recall,,,0.4705882352941176,0.2162162162162162,,,,,,,,,,,,,,,,,,,,,,,
A_B,ssl_embeddings,precision_recall,,,0.4411764705882353,0.2054794520547945,,,,,,,,,,,,,,,,,,,,,,,
A_B,ssl_embeddings,precision_recall,,,0.4411764705882353,0.2083333333333333,,,,,,,,,,,,,,,,,,,,,,,
A_B,ssl_embeddings,precision_recall,,,0.4411764705882353,0.2112676056338028,,,,,,,,,,,,,,,,,,,,,,,
A_B,ssl_embeddings,precision_recall,,,0.4117647058823529,0.2,,,,,,,,,,,,,,,,,,,,,,,
A_B,ssl_embeddings,precision_recall,,,0.4117647058823529,0.2028985507246377,,,,,,,,,,,,,,,,,,,,,,,
A_B,ssl_embeddings,precision_recall,,,0.3823529411764705,0.1911764705882352,,,,,,,,,,,,,,,,,,,,,,,
A_B,ssl_embeddings,precision_recall,,,0.3823529411764705,0.1940298507462686,,,,,,,,,,,,,,,,,,,,,,,
A_B,ssl_embeddings,precision_recall,,,0.3823529411764705,0.1969696969696969,,,,,,,,,,,,,,,,,,,,,,,
A_B,ssl_embeddings,precision_recall,,,0.3823529411764705,0.2,,,,,,,,,,,,,,,,,,,,,,,
A_B,ssl_embeddings,precision_recall,,,0.3823529411764705,0.203125,,,,,,,,,,,,,,,,,,,,,,,
A_B,ssl_embeddings,precision_recall,,,0.3529411764705882,0.1904761904761904,,,,,,,,,,,,,,,,,,,,,,,
A_B,ssl_embeddings,precision_recall,,,0.3529411764705882,0.1935483870967742,,,,,,,,,,,,,,,,,,,,,,,
A_B,ssl_embeddings,precision_recall,,,0.3235294117647059,0.180327868852459,,,,,,,,,,,,,,,,,,,,,,,
A_B,ssl_embeddings,precision_recall,,,0.3235294117647059,0.1833333333333333,,,,,,,,,,,,,,,,,,,,,,,
A_B,ssl_embeddings,precision_recall,,,0.3235294117647059,0.1864406779661017,,,,,,,,,,,,,,,,,,,,,,,
A_B,ssl_embeddings,precision_recall,,,0.3235294117647059,0.1896551724137931,,,,,,,,,,,,,,,,,,,,,,,
A_B,ssl_embeddings,precision_recall,,,0.3235294117647059,0.1929824561403508,,,,,,,,,,,,,,,,,,,,,,,
A_B,ssl_embeddings,precision_recall,,,0.3235294117647059,0.1964285714285714,,,,,,,,,,,,,,,,,,,,,,,
A_B,ssl_embeddings,precision_recall,,,0.3235294117647059,0.2,,,,,,,,,,,,,,,,,,,,,,,
A_B,ssl_embeddings,precision_recall,,,0.3235294117647059,0.2037037037037037,,,,,,,,,,,,,,,,,,,,,,,
A_B,ssl_embeddings,precision_recall,,,0.3235294117647059,0.2075471698113207,,,,,,,,,,,,,,,,,,,,,,,
A_B,ssl_embeddings,precision_recall,,,0.3235294117647059,0.2115384615384615,,,,,,,,,,,,,,,,,,,,,,,
A_B,ssl_embeddings,precision_recall,,,0.3235294117647059,0.2156862745098039,,,,,,,,,,,,,,,,,,,,,,,
A_B,ssl_embeddings,precision_recall,,,0.3235294117647059,0.22,,,,,,,,,,,,,,,,,,,,,,,
A_B,ssl_embeddings,precision_recall,,,0.3235294117647059,0.2244897959183673,,,,,,,,,,,,,,,,,,,,,,,
A_B,ssl_embeddings,precision_recall,,,0.2941176470588235,0.2083333333333333,,,,,,,,,,,,,,,,,,,,,,,
A_B,ssl_embeddings,precision_recall,,,0.2941176470588235,0.2127659574468085,,,,,,,,,,,,,,,,,,,,,,,
A_B,ssl_embeddings,precision_recall,,,0.2941176470588235,0.217391304347826,,,,,,,,,,,,,,,,,,,,,,,
A_B,ssl_embeddings,precision_recall,,,0.2647058823529412,0.2,,,,,,,,,,,,,,,,,,,,,,,
A_B,ssl_embeddings,precision_recall,,,0.2647058823529412,0.2045454545454545,,,,,,,,,,,,,,,,,,,,,,,
A_B,ssl_embeddings,precision_recall,,,0.2352941176470588,0.1860465116279069,,,,,,,,,,,,,,,,,,,,,,,
A_B,ssl_embeddings,precision_recall,,,0.2352941176470588,0.1904761904761904,,,,,,,,,,,,,,,,,,,,,,,
A_B,ssl_embeddings,precision_recall,,,0.2058823529411764,0.1707317073170731,,,,,,,,,,,,,,,,,,,,,,,
A_B,ssl_embeddings,precision_recall,,,0.2058823529411764,0.175,,,,,,,,,,,,,,,,,,,,,,,
A_B,ssl_embeddings,precision_recall,,,0.2058823529411764,0.1794871794871795,,,,,,,,,,,,,,,,,,,,,,,
A_B,ssl_embeddings,precision_recall,,,0.2058823529411764,0.1842105263157894,,,,,,,,,,,,,,,,,,,,,,,
A_B,ssl_embeddings,precision_recall,,,0.2058823529411764,0.1891891891891892,,,,,,,,,,,,,,,,,,,,,,,
A_B,ssl_embeddings,precision_recall,,,0.2058823529411764,0.1944444444444444,,,,,,,,,,,,,,,,,,,,,,,
A_B,ssl_embeddings,precision_recall,,,0.2058823529411764,0.2,,,,,,,,,,,,,,,,,,,,,,,
A_B,ssl_embeddings,precision_recall,,,0.2058823529411764,0.2058823529411764,,,,,,,,,,,,,,,,,,,,,,,
A_B,ssl_embeddings,precision_recall,,,0.2058823529411764,0.2121212121212121,,,,,,,,,,,,,,,,,,,,,,,
A_B,ssl_embeddings,precision_recall,,,0.2058823529411764,0.21875,,,,,,,,,,,,,,,,,,,,,,,
A_B,ssl_embeddings,precision_recall,,,0.2058823529411764,0.2258064516129032,,,,,,,,,,,,,,,,,,,,,,,
A_B,ssl_embeddings,precision_recall,,,0.2058823529411764,0.2333333333333333,,,,,,,,,,,,,,,,,,,,,,,
A_B,ssl_embeddings,precision_recall,,,0.2058823529411764,0.2413793103448276,,,,,,,,,,,,,,,,,,,,,,,
A_B,ssl_embeddings,precision_recall,,,0.2058823529411764,0.25,,,,,,,,,,,,,,,,,,,,,,,
A_B,ssl_embeddings,precision_recall,,,0.2058823529411764,0.2592592592592592,,,,,,,,,,,,,,,,,,,,,,,
A_B,ssl_embeddings,precision_recall,,,0.1764705882352941,0.2307692307692307,,,,,,,,,,,,,,,,,,,,,,,
A_B,ssl_embeddings,precision_recall,,,0.1470588235294117,0.2,,,,,,,,,,,,,,,,,,,,,,,
A_B,ssl_embeddings,precision_recall,,,0.1470588235294117,0.2083333333333333,,,,,,,,,,,,,,,,,,,,,,,
A_B,ssl_embeddings,precision_recall,,,0.1470588235294117,0.217391304347826,,,,,,,,,,,,,,,,,,,,,,,
A_B,ssl_embeddings,precision_recall,,,0.1470588235294117,0.2272727272727272,,,,,,,,,,,,,,,,,,,,,,,
A_B,ssl_embeddings,precision_recall,,,0.1470588235294117,0.238095238095238,,,,,,,,,,,,,,,,,,,,,,,
A_B,ssl_embeddings,precision_recall,,,0.1470588235294117,0.25,,,,,,,,,,,,,,,,,,,,,,,
A_B,ssl_embeddings,precision_recall,,,0.1470588235294117,0.2631578947368421,,,,,,,,,,,,,,,,,,,,,,,
A_B,ssl_embeddings,precision_recall,,,0.1176470588235294,0.2222222222222222,,,,,,,,,,,,,,,,,,,,,,,
A_B,ssl_embeddings,precision_recall,,,0.1176470588235294,0.2352941176470588,,,,,,,,,,,,,,,,,,,,,,,
A_B,ssl_embeddings,precision_recall,,,0.1176470588235294,0.25,,,,,,,,,,,,,,,,,,,,,,,
A_B,ssl_embeddings,precision_recall,,,0.1176470588235294,0.2666666666666666,,,,,,,,,,,,,,,,,,,,,,,
A_B,ssl_embeddings,precision_recall,,,0.1176470588235294,0.2857142857142857,,,,,,,,,,,,,,,,,,,,,,,
A_B,ssl_embeddings,precision_recall,,,0.1176470588235294,0.3076923076923077,,,,,,,,,,,,,,,,,,,,,,,
A_B,ssl_embeddings,precision_recall,,,0.088235294117647,0.25,,,,,,,,,,,,,,,,,,,,,,,
A_B,ssl_embeddings,precision_recall,,,0.0588235294117647,0.1818181818181818,,,,,,,,,,,,,,,,,,,,,,,
A_B,ssl_embeddings,precision_recall,,,0.0588235294117647,0.2,,,,,,,,,,,,,,,,,,,,,,,
A_B,ssl_embeddings,precision_recall,,,0.0294117647058823,0.1111111111111111,,,,,,,,,,,,,,,,,,,,,,,
A_B,ssl_embeddings,precision_recall,,,0.0,0.0,,,,,,,,,,,,,,,,,,,,,,,
A_B,ssl_embeddings,precision_recall,,,0.0,0.0,,,,,,,,,,,,,,,,,,,,,,,
A_B,ssl_embeddings,precision_recall,,,0.0,0.0,,,,,,,,,,,,,,,,,,,,,,,
A_B,ssl_embeddings,precision_recall,,,0.0,0.0,,,,,,,,,,,,,,,,,,,,,,,
A_B,ssl_embeddings,precision_recall,,,0.0,0.0,,,,,,,,,,,,,,,,,,,,,,,
A_B,ssl_embeddings,precision_recall,,,0.0,0.0,,,,,,,,,,,,,,,,,,,,,,,
A_B,ssl_embeddings,precision_recall,,,0.0,0.0,,,,,,,,,,,,,,,,,,,,,,,
A_B,ssl_embeddings,precision_recall,,,0.0,0.0,,,,,,,,,,,,,,,,,,,,,,,
A_B,ssl_embeddings,precision_recall,,,0.0,1.0,,,,,,,,,,,,,,,,,,,,,,,
A_B,signal_plus_ssl,roc,0.0,0.0,,,,,,,,,,,,,,,,,,,,,,,,,
A_B,signal_plus_ssl,roc,0.0,0.0294117647058823,,,,,,,,,,,,,,,,,,,,,,,,,
A_B,signal_plus_ssl,roc,0.0,0.1176470588235294,,,,,,,,,,,,,,,,,,,,,,,,,
A_B,signal_plus_ssl,roc,0.0227272727272727,0.1176470588235294,,,,,,,,,,,,,,,,,,,,,,,,,
A_B,signal_plus_ssl,roc,0.0227272727272727,0.1764705882352941,,,,,,,,,,,,,,,,,,,,,,,,,
A_B,signal_plus_ssl,roc,0.0378787878787878,0.1764705882352941,,,,,,,,,,,,,,,,,,,,,,,,,
A_B,signal_plus_ssl,roc,0.0378787878787878,0.2058823529411764,,,,,,,,,,,,,,,,,,,,,,,,,
A_B,signal_plus_ssl,roc,0.1363636363636363,0.2058823529411764,,,,,,,,,,,,,,,,,,,,,,,,,
A_B,signal_plus_ssl,roc,0.1363636363636363,0.2352941176470588,,,,,,,,,,,,,,,,,,,,,,,,,
A_B,signal_plus_ssl,roc,0.1439393939393939,0.2352941176470588,,,,,,,,,,,,,,,,,,,,,,,,,
A_B,signal_plus_ssl,roc,0.1439393939393939,0.2647058823529412,,,,,,,,,,,,,,,,,,,,,,,,,
A_B,signal_plus_ssl,roc,0.1590909090909091,0.2647058823529412,,,,,,,,,,,,,,,,,,,,,,,,,
A_B,signal_plus_ssl,roc,0.1590909090909091,0.2941176470588235,,,,,,,,,,,,,,,,,,,,,,,,,
A_B,signal_plus_ssl,roc,0.2045454545454545,0.2941176470588235,,,,,,,,,,,,,,,,,,,,,,,,,
A_B,signal_plus_ssl,roc,0.2045454545454545,0.3235294117647059,,,,,,,,,,,,,,,,,,,,,,,,,
A_B,signal_plus_ssl,roc,0.2121212121212121,0.3235294117647059,,,,,,,,,,,,,,,,,,,,,,,,,
A_B,signal_plus_ssl,roc,0.2121212121212121,0.3529411764705882,,,,,,,,,,,,,,,,,,,,,,,,,
A_B,signal_plus_ssl,roc,0.2196969696969697,0.3529411764705882,,,,,,,,,,,,,,,,,,,,,,,,,
A_B,signal_plus_ssl,roc,0.2196969696969697,0.3823529411764705,,,,,,,,,,,,,,,,,,,,,,,,,
A_B,signal_plus_ssl,roc,0.25,0.3823529411764705,,,,,,,,,,,,,,,,,,,,,,,,,
A_B,signal_plus_ssl,roc,0.25,0.4117647058823529,,,,,,,,,,,,,,,,,,,,,,,,,
A_B,signal_plus_ssl,roc,0.2651515151515151,0.4117647058823529,,,,,,,,,,,,,,,,,,,,,,,,,
A_B,signal_plus_ssl,roc,0.2651515151515151,0.4411764705882353,,,,,,,,,,,,,,,,,,,,,,,,,
A_B,signal_plus_ssl,roc,0.3409090909090909,0.4411764705882353,,,,,,,,,,,,,,,,,,,,,,,,,
A_B,signal_plus_ssl,roc,0.3409090909090909,0.4705882352941176,,,,,,,,,,,,,,,,,,,,,,,,,
A_B,signal_plus_ssl,roc,0.3560606060606061,0.4705882352941176,,,,,,,,,,,,,,,,,,,,,,,,,
A_B,signal_plus_ssl,roc,0.3560606060606061,0.5,,,,,,,,,,,,,,,,,,,,,,,,,
A_B,signal_plus_ssl,roc,0.4090909090909091,0.5,,,,,,,,,,,,,,,,,,,,,,,,,
A_B,signal_plus_ssl,roc,0.4090909090909091,0.5294117647058824,,,,,,,,,,,,,,,,,,,,,,,,,
A_B,signal_plus_ssl,roc,0.4545454545454545,0.5294117647058824,,,,,,,,,,,,,,,,,,,,,,,,,
A_B,signal_plus_ssl,roc,0.4545454545454545,0.5588235294117647,,,,,,,,,,,,,,,,,,,,,,,,,
A_B,signal_plus_ssl,roc,0.4924242424242424,0.5588235294117647,,,,,,,,,,,,,,,,,,,,,,,,,
A_B,signal_plus_ssl,roc,0.4924242424242424,0.5882352941176471,,,,,,,,,,,,,,,,,,,,,,,,,
A_B,signal_plus_ssl,roc,0.5075757575757576,0.5882352941176471,,,,,,,,,,,,,,,,,,,,,,,,,
A_B,signal_plus_ssl,roc,0.5075757575757576,0.6470588235294118,,,,,,,,,,,,,,,,,,,,,,,,,
A_B,signal_plus_ssl,roc,0.6212121212121212,0.6470588235294118,,,,,,,,,,,,,,,,,,,,,,,,,
A_B,signal_plus_ssl,roc,0.6212121212121212,0.7058823529411765,,,,,,,,,,,,,,,,,,,,,,,,,
A_B,signal_plus_ssl,roc,0.6287878787878788,0.7058823529411765,,,,,,,,,,,,,,,,,,,,,,,,,
A_B,signal_plus_ssl,roc,0.6287878787878788,0.7352941176470589,,,,,,,,,,,,,,,,,,,,,,,,,
A_B,signal_plus_ssl,roc,0.6742424242424242,0.7352941176470589,,,,,,,,,,,,,,,,,,,,,,,,,
A_B,signal_plus_ssl,roc,0.6742424242424242,0.7941176470588235,,,,,,,,,,,,,,,,,,,,,,,,,
A_B,signal_plus_ssl,roc,0.7045454545454546,0.7941176470588235,,,,,,,,,,,,,,,,,,,,,,,,,
A_B,signal_plus_ssl,roc,0.7045454545454546,0.8235294117647058,,,,,,,,,,,,,,,,,,,,,,,,,
A_B,signal_plus_ssl,roc,0.7196969696969697,0.8235294117647058,,,,,,,,,,,,,,,,,,,,,,,,,
A_B,signal_plus_ssl,roc,0.7196969696969697,0.8529411764705882,,,,,,,,,,,,,,,,,,,,,,,,,
A_B,signal_plus_ssl,roc,0.7575757575757576,0.8529411764705882,,,,,,,,,,,,,,,,,,,,,,,,,
A_B,signal_plus_ssl,roc,0.7575757575757576,0.8823529411764706,,,,,,,,,,,,,,,,,,,,,,,,,
A_B,signal_plus_ssl,roc,0.803030303030303,0.8823529411764706,,,,,,,,,,,,,,,,,,,,,,,,,
A_B,signal_plus_ssl,roc,0.803030303030303,0.9117647058823528,,,,,,,,,,,,,,,,,,,,,,,,,
A_B,signal_plus_ssl,roc,0.8257575757575758,0.9117647058823528,,,,,,,,,,,,,,,,,,,,,,,,,
A_B,signal_plus_ssl,roc,0.8257575757575758,0.9411764705882352,,,,,,,,,,,,,,,,,,,,,,,,,
A_B,signal_plus_ssl,roc,0.8409090909090909,0.9411764705882352,,,,,,,,,,,,,,,,,,,,,,,,,
A_B,signal_plus_ssl,roc,0.8409090909090909,0.9705882352941176,,,,,,,,,,,,,,,,,,,,,,,,,
A_B,signal_plus_ssl,roc,0.9015151515151516,0.9705882352941176,,,,,,,,,,,,,,,,,,,,,,,,,
A_B,signal_plus_ssl,roc,0.9015151515151516,1.0,,,,,,,,,,,,,,,,,,,,,,,,,
A_B,signal_plus_ssl,roc,1.0,1.0,,,,,,,,,,,,,,,,,,,,,,,,,
A_B,signal_plus_ssl,precision_recall,,,1.0,0.2048192771084337,,,,,,,,,,,,,,,,,,,,,,,
A_B,signal_plus_ssl,precision_recall,,,1.0,0.206060606060606,,,,,,,,,,,,,,,,,,,,,,,
A_B,signal_plus_ssl,precision_recall,,,1.0,0.2073170731707317,,,,,,,,,,,,,,,,,,,,,,,
A_B,signal_plus_ssl,precision_recall,,,1.0,0.2085889570552147,,,,,,,,,,,,,,,,,,,,,,,
A_B,signal_plus_ssl,precision_recall,,,1.0,0.2098765432098765,,,,,,,,,,,,,,,,,,,,,,,
A_B,signal_plus_ssl,precision_recall,,,1.0,0.2111801242236025,,,,,,,,,,,,,,,,,,,,,,,
A_B,signal_plus_ssl,precision_recall,,,1.0,0.2125,,,,,,,,,,,,,,,,,,,,,,,
A_B,signal_plus_ssl,precision_recall,,,1.0,0.2138364779874214,,,,,,,,,,,,,,,,,,,,,,,
A_B,signal_plus_ssl,precision_recall,,,1.0,0.2151898734177215,,,,,,,,,,,,,,,,,,,,,,,
A_B,signal_plus_ssl,precision_recall,,,1.0,0.2165605095541401,,,,,,,,,,,,,,,,,,,,,,,
A_B,signal_plus_ssl,precision_recall,,,1.0,0.2179487179487179,,,,,,,,,,,,,,,,,,,,,,,
A_B,signal_plus_ssl,precision_recall,,,1.0,0.2193548387096774,,,,,,,,,,,,,,,,,,,,,,,
A_B,signal_plus_ssl,precision_recall,,,1.0,0.2207792207792207,,,,,,,,,,,,,,,,,,,,,,,
A_B,signal_plus_ssl,precision_recall,,,1.0,0.2222222222222222,,,,,,,,,,,,,,,,,,,,,,,
A_B,signal_plus_ssl,precision_recall,,,0.9705882352941176,0.2171052631578947,,,,,,,,,,,,,,,,,,,,,,,
A_B,signal_plus_ssl,precision_recall,,,0.9705882352941176,0.2185430463576159,,,,,,,,,,,,,,,,,,,,,,,
A_B,signal_plus_ssl,precision_recall,,,0.9705882352941176,0.22,,,,,,,,,,,,,,,,,,,,,,,
A_B,signal_plus_ssl,precision_recall,,,0.9705882352941176,0.2214765100671141,,,,,,,,,,,,,,,,,,,,,,,
A_B,signal_plus_ssl,precision_recall,,,0.9705882352941176,0.2229729729729729,,,,,,,,,,,,,,,,,,,,,,,
A_B,signal_plus_ssl,precision_recall,,,0.9705882352941176,0.2244897959183673,,,,,,,,,,,,,,,,,,,,,,,
A_B,signal_plus_ssl,precision_recall,,,0.9705882352941176,0.2260273972602739,,,,,,,,,,,,,,,,,,,,,,,
A_B,signal_plus_ssl,precision_recall,,,0.9705882352941176,0.2275862068965517,,,,,,,,,,,,,,,,,,,,,,,
A_B,signal_plus_ssl,precision_recall,,,0.9705882352941176,0.2291666666666666,,,,,,,,,,,,,,,,,,,,,,,
A_B,signal_plus_ssl,precision_recall,,,0.9411764705882352,0.2237762237762237,,,,,,,,,,,,,,,,,,,,,,,
A_B,signal_plus_ssl,precision_recall,,,0.9411764705882352,0.2253521126760563,,,,,,,,,,,,,,,,,,,,,,,
A_B,signal_plus_ssl,precision_recall,,,0.9411764705882352,0.226950354609929,,,,,,,,,,,,,,,,,,,,,,,
A_B,signal_plus_ssl,precision_recall,,,0.9117647058823528,0.2214285714285714,,,,,,,,,,,,,,,,,,,,,,,
A_B,signal_plus_ssl,precision_recall,,,0.9117647058823528,0.2230215827338129,,,,,,,,,,,,,,,,,,,,,,,
A_B,signal_plus_ssl,precision_recall,,,0.9117647058823528,0.2246376811594203,,,,,,,,,,,,,,,,,,,,,,,
A_B,signal_plus_ssl,precision_recall,,,0.9117647058823528,0.2262773722627737,,,,,,,,,,,,,,,,,,,,,,,
A_B,signal_plus_ssl,precision_recall,,,0.8823529411764706,0.2205882352941176,,,,,,,,,,,,,,,,,,,,,,,
A_B,signal_plus_ssl,precision_recall,,,0.8823529411764706,0.2222222222222222,,,,,,,,,,,,,,,,,,,,,,,
A_B,signal_plus_ssl,precision_recall,,,0.8823529411764706,0.2238805970149253,,,,,,,,,,,,,,,,,,,,,,,
A_B,signal_plus_ssl,precision_recall,,,0.8823529411764706,0.225563909774436,,,,,,,,,,,,,,,,,,,,,,,
A_B,signal_plus_ssl,precision_recall,,,0.8823529411764706,0.2272727272727272,,,,,,,,,,,,,,,,,,,,,,,
A_B,signal_plus_ssl,precision_recall,,,0.8823529411764706,0.2290076335877862,,,,,,,,,,,,,,,,,,,,,,,
A_B,signal_plus_ssl,precision_recall,,,0.8823529411764706,0.2307692307692307,,,,,,,,,,,,,,,,,,,,,,,
A_B,signal_plus_ssl,precision_recall,,,0.8529411764705882,0.2248062015503876,,,,,,,,,,,,,,,,,,,,,,,
A_B,signal_plus_ssl,precision_recall,,,0.8529411764705882,0.2265625,,,,,,,,,,,,,,,,,,,,,,,
A_B,signal_plus_ssl,precision_recall,,,0.8529411764705882,0.2283464566929134,,,,,,,,,,,,,,,,,,,,,,,
A_B,signal_plus_ssl,precision_recall,,,0.8529411764705882,0.2301587301587301,,,,,,,,,,,,,,,,,,,,,,,
A_B,signal_plus_ssl,precision_recall,,,0.8529411764705882,0.232,,,,,,,,,,,,,,,,,,,,,,,
A_B,signal_plus_ssl,precision_recall,,,0.8529411764705882,0.2338709677419354,,,,,,,,,,,,,,,,,,,,,,,
A_B,signal_plus_ssl,precision_recall,,,0.8235294117647058,0.2276422764227642,,,,,,,,,,,,,,,,,,,,,,,
A_B,signal_plus_ssl,precision_recall,,,0.8235294117647058,0.2295081967213114,,,,,,,,,,,,,,,,,,,,,,,
A_B,signal_plus_ssl,precision_recall,,,0.8235294117647058,0.2314049586776859,,,,,,,,,,,,,,,,,,,,,,,
A_B,signal_plus_ssl,precision_recall,,,0.7941176470588235,0.225,,,,,,,,,,,,,,,,,,,,,,,
A_B,signal_plus_ssl,precision_recall,,,0.7941176470588235,0.226890756302521,,,,,,,,,,,,,,,,,,,,,,,
A_B,signal_plus_ssl,precision_recall,,,0.7941176470588235,0.2288135593220339,,,,,,,,,,,,,,,,,,,,,,,
A_B,signal_plus_ssl,precision_recall,,,0.7941176470588235,0.2307692307692307,,,,,,,,,,,,,,,,,,,,,,,
A_B,signal_plus_ssl,precision_recall,,,0.7941176470588235,0.2327586206896551,,,,,,,,,,,,,,,,,,,,,,,
A_B,signal_plus_ssl,precision_recall,,,0.7647058823529411,0.2260869565217391,,,,,,,,,,,,,,,,,,,,,,,
A_B,signal_plus_ssl,precision_recall,,,0.7352941176470589,0.219298245614035,,,,,,,,,,,,,,,,,,,,,,,
A_B,signal_plus_ssl,precision_recall,,,0.7352941176470589,0.2212389380530973,,,,,,,,,,,,,,,,,,,,,,,
A_B,signal_plus_ssl,precision_recall,,,0.7352941176470589,0.2232142857142857,,,,,,,,,,,,,,,,,,,,,,,
A_B,signal_plus_ssl,precision_recall,,,0.7352941176470589,0.2252252252252252,,,,,,,,,,,,,,,,,,,,,,,
A_B,signal_plus_ssl,precision_recall,,,0.7352941176470589,0.2272727272727272,,,,,,,,,,,,,,,,,,,,,,,
A_B,signal_plus_ssl,precision_recall,,,0.7352941176470589,0.2293577981651376,,,,,,,,,,,,,,,,,,,,,,,
A_B,signal_plus_ssl,precision_recall,,,0.7352941176470589,0.2314814814814814,,,,,,,,,,,,,,,,,,,,,,,
A_B,signal_plus_ssl,precision_recall,,,0.7058823529411765,0.2242990654205607,,,,,,,,,,,,,,,,,,,,,,,
A_B,signal_plus_ssl,precision_recall,,,0.7058823529411765,0.2264150943396226,,,,,,,,,,,,,,,,,,,,,,,
A_B,signal_plus_ssl,precision_recall,,,0.6764705882352942,0.219047619047619,,,,,,,,,,,,,,,,,,,,,,,
A_B,signal_plus_ssl,precision_recall,,,0.6470588235294118,0.2115384615384615,,,,,,,,,,,,,,,,,,,,,,,
A_B,signal_plus_ssl,precision_recall,,,0.6470588235294118,0.2135922330097087,,,,,,,,,,,,,,,,,,,,,,,
A_B,signal_plus_ssl,precision_recall,,,0.6470588235294118,0.2156862745098039,,,,,,,,,,,,,,,,,,,,,,,
A_B,signal_plus_ssl,precision_recall,,,0.6470588235294118,0.2178217821782178,,,,,,,,,,,,,,,,,,,,,,,
A_B,signal_plus_ssl,precision_recall,,,0.6470588235294118,0.22,,,,,,,,,,,,,,,,,,,,,,,
A_B,signal_plus_ssl,precision_recall,,,0.6470588235294118,0.2222222222222222,,,,,,,,,,,,,,,,,,,,,,,
A_B,signal_plus_ssl,precision_recall,,,0.6470588235294118,0.2244897959183673,,,,,,,,,,,,,,,,,,,,,,,
A_B,signal_plus_ssl,precision_recall,,,0.6470588235294118,0.2268041237113402,,,,,,,,,,,,,,,,,,,,,,,
A_B,signal_plus_ssl,precision_recall,,,0.6470588235294118,0.2291666666666666,,,,,,,,,,,,,,,,,,,,,,,
A_B,signal_plus_ssl,precision_recall,,,0.6470588235294118,0.231578947368421,,,,,,,,,,,,,,,,,,,,,,,
A_B,signal_plus_ssl,precision_recall,,,0.6470588235294118,0.2340425531914893,,,,,,,,,,,,,,,,,,,,,,,
A_B,signal_plus_ssl,precision_recall,,,0.6470588235294118,0.2365591397849462,,,,,,,,,,,,,,,,,,,,,,,
A_B,signal_plus_ssl,precision_recall,,,0.6470588235294118,0.2391304347826087,,,,,,,,,,,,,,,,,,,,,,,
A_B,signal_plus_ssl,precision_recall,,,0.6470588235294118,0.2417582417582417,,,,,,,,,,,,,,,,,,,,,,,
A_B,signal_plus_ssl,precision_recall,,,0.6470588235294118,0.2444444444444444,,,,,,,,,,,,,,,,,,,,,,,
A_B,signal_plus_ssl,precision_recall,,,0.6470588235294118,0.247191011235955,,,,,,,,,,,,,,,,,,,,,,,
A_B,signal_plus_ssl,precision_recall,,,0.6176470588235294,0.2386363636363636,,,,,,,,,,,,,,,,,,,,,,,
A_B,signal_plus_ssl,precision_recall,,,0.5882352941176471,0.2298850574712643,,,,,,,,,,,,,,,,,,,,,,,
A_B,signal_plus_ssl,precision_recall,,,0.5882352941176471,0.2325581395348837,,,,,,,,,,,,,,,,,,,,,,,
A_B,signal_plus_ssl,precision_recall,,,0.5882352941176471,0.2352941176470588,,,,,,,,,,,,,,,,,,,,,,,
A_B,signal_plus_ssl,precision_recall,,,0.5588235294117647,0.2261904761904762,,,,,,,,,,,,,,,,,,,,,,,
A_B,signal_plus_ssl,precision_recall,,,0.5588235294117647,0.2289156626506024,,,,,,,,,,,,,,,,,,,,,,,
A_B,signal_plus_ssl,precision_recall,,,0.5588235294117647,0.2317073170731707,,,,,,,,,,,,,,,,,,,,,,,
A_B,signal_plus_ssl,precision_recall,,,0.5588235294117647,0.2345679012345679,,,,,,,,,,,,,,,,,,,,,,,
A_B,signal_plus_ssl,precision_recall,,,0.5588235294117647,0.2375,,,,,,,,,,,,,,,,,,,,,,,
A_B,signal_plus_ssl,precision_recall,,,0.5588235294117647,0.240506329113924,,,,,,,,,,,,,,,,,,,,,,,
A_B,signal_plus_ssl,precision_recall,,,0.5294117647058824,0.2307692307692307,,,,,,,,,,,,,,,,,,,,,,,
A_B,signal_plus_ssl,precision_recall,,,0.5294117647058824,0.2337662337662337,,,,,,,,,,,,,,,,,,,,,,,
A_B,signal_plus_ssl,precision_recall,,,0.5294117647058824,0.2368421052631578,,,,,,,,,,,,,,,,,,,,,,,
A_B,signal_plus_ssl,precision_recall,,,0.5294117647058824,0.24,,,,,,,,,,,,,,,,,,,,,,,
A_B,signal_plus_ssl,precision_recall,,,0.5294117647058824,0.2432432432432432,,,,,,,,,,,,,,,,,,,,,,,
A_B,signal_plus_ssl,precision_recall,,,0.5294117647058824,0.2465753424657534,,,,,,,,,,,,,,,,,,,,,,,
A_B,signal_plus_ssl,precision_recall,,,0.5294117647058824,0.25,,,,,,,,,,,,,,,,,,,,,,,
A_B,signal_plus_ssl,precision_recall,,,0.5,0.2394366197183098,,,,,,,,,,,,,,,,,,,,,,,
A_B,signal_plus_ssl,precision_recall,,,0.5,0.2428571428571428,,,,,,,,,,,,,,,,,,,,,,,
A_B,signal_plus_ssl,precision_recall,,,0.5,0.2463768115942029,,,,,,,,,,,,,,,,,,,,,,,
A_B,signal_plus_ssl,precision_recall,,,0.5,0.25,,,,,,,,,,,,,,,,,,,,,,,
A_B,signal_plus_ssl,precision_recall,,,0.5,0.2537313432835821,,,,,,,,,,,,,,,,,,,,,,,
A_B,signal_plus_ssl,precision_recall,,,0.5,0.2575757575757575,,,,,,,,,,,,,,,,,,,,,,,
A_B,signal_plus_ssl,precision_recall,,,0.5,0.2615384615384615,,,,,,,,,,,,,,,,,,,,,,,
A_B,signal_plus_ssl,precision_recall,,,0.5,0.265625,,,,,,,,,,,,,,,,,,,,,,,
A_B,signal_plus_ssl,precision_recall,,,0.4705882352941176,0.2539682539682539,,,,,,,,,,,,,,,,,,,,,,,
A_B,signal_plus_ssl,precision_recall,,,0.4705882352941176,0.2580645161290322,,,,,,,,,,,,,,,,,,,,,,,
A_B,signal_plus_ssl,precision_recall,,,0.4705882352941176,0.2622950819672131,,,,,,,,,,,,,,,,,,,,,,,
A_B,signal_plus_ssl,precision_recall,,,0.4411764705882353,0.25,,,,,,,,,,,,,,,,,,,,,,,
A_B,signal_plus_ssl,precision_recall,,,0.4411764705882353,0.2542372881355932,,,,,,,,,,,,,,,,,,,,,,,
A_B,signal_plus_ssl,precision_recall,,,0.4411764705882353,0.2586206896551724,,,,,,,,,,,,,,,,,,,,,,,
A_B,signal_plus_ssl,precision_recall,,,0.4411764705882353,0.2631578947368421,,,,,,,,,,,,,,,,,,,,,,,
A_B,signal_plus_ssl,precision_recall,,,0.4411764705882353,0.2678571428571428,,,,,,,,,,,,,,,,,,,,,,,
A_B,signal_plus_ssl,precision_recall,,,0.4411764705882353,0.2727272727272727,,,,,,,,,,,,,,,,,,,,,,,
A_B,signal_plus_ssl,precision_recall,,,0.4411764705882353,0.2777777777777778,,,,,,,,,,,,,,,,,,,,,,,
A_B,signal_plus_ssl,precision_recall,,,0.4411764705882353,0.2830188679245283,,,,,,,,,,,,,,,,,,,,,,,
A_B,signal_plus_ssl,precision_recall,,,0.4411764705882353,0.2884615384615384,,,,,,,,,,,,,,,,,,,,,,,
A_B,signal_plus_ssl,precision_recall,,,0.4411764705882353,0.2941176470588235,,,,,,,,,,,,,,,,,,,,,,,
A_B,signal_plus_ssl,precision_recall,,,0.4411764705882353,0.3,,,,,,,,,,,,,,,,,,,,,,,
A_B,signal_plus_ssl,precision_recall,,,0.4117647058823529,0.2857142857142857,,,,,,,,,,,,,,,,,,,,,,,
A_B,signal_plus_ssl,precision_recall,,,0.4117647058823529,0.2916666666666667,,,,,,,,,,,,,,,,,,,,,,,
A_B,signal_plus_ssl,precision_recall,,,0.4117647058823529,0.2978723404255319,,,,,,,,,,,,,,,,,,,,,,,
A_B,signal_plus_ssl,precision_recall,,,0.3823529411764705,0.2826086956521739,,,,,,,,,,,,,,,,,,,,,,,
A_B,signal_plus_ssl,precision_recall,,,0.3823529411764705,0.2888888888888888,,,,,,,,,,,,,,,,,,,,,,,
A_B,signal_plus_ssl,precision_recall,,,0.3823529411764705,0.2954545454545454,,,,,,,,,,,,,,,,,,,,,,,
A_B,signal_plus_ssl,precision_recall,,,0.3823529411764705,0.3023255813953488,,,,,,,,,,,,,,,,,,,,,,,
A_B,signal_plus_ssl,precision_recall,,,0.3823529411764705,0.3095238095238095,,,,,,,,,,,,,,,,,,,,,,,
A_B,signal_plus_ssl,precision_recall,,,0.3529411764705882,0.2926829268292683,,,,,,,,,,,,,,,,,,,,,,,
A_B,signal_plus_ssl,precision_recall,,,0.3529411764705882,0.3,,,,,,,,,,,,,,,,,,,,,,,
A_B,signal_plus_ssl,precision_recall,,,0.3235294117647059,0.282051282051282,,,,,,,,,,,,,,,,,,,,,,,
A_B,signal_plus_ssl,precision_recall,,,0.3235294117647059,0.2894736842105263,,,,,,,,,,,,,,,,,,,,,,,
A_B,signal_plus_ssl,precision_recall,,,0.2941176470588235,0.2702702702702703,,,,,,,,,,,,,,,,,,,,,,,
A_B,signal_plus_ssl,precision_recall,,,0.2941176470588235,0.2777777777777778,,,,,,,,,,,,,,,,,,,,,,,
A_B,signal_plus_ssl,precision_recall,,,0.2941176470588235,0.2857142857142857,,,,,,,,,,,,,,,,,,,,,,,
A_B,signal_plus_ssl,precision_recall,,,0.2941176470588235,0.2941176470588235,,,,,,,,,,,,,,,,,,,,,,,
A_B,signal_plus_ssl,precision_recall,,,0.2941176470588235,0.303030303030303,,,,,,,,,,,,,,,,,,,,,,,
A_B,signal_plus_ssl,precision_recall,,,0.2941176470588235,0.3125,,,,,,,,,,,,,,,,,,,,,,,
A_B,signal_plus_ssl,precision_recall,,,0.2941176470588235,0.3225806451612903,,,,,,,,,,,,,,,,,,,,,,,
A_B,signal_plus_ssl,precision_recall,,,0.2647058823529412,0.3,,,,,,,,,,,,,,,,,,,,,,,
A_B,signal_plus_ssl,precision_recall,,,0.2647058823529412,0.3103448275862069,,,,,,,,,,,,,,,,,,,,,,,
A_B,signal_plus_ssl,precision_recall,,,0.2647058823529412,0.3214285714285714,,,,,,,,,,,,,,,,,,,,,,,
A_B,signal_plus_ssl,precision_recall,,,0.2352941176470588,0.2962962962962963,,,,,,,,,,,,,,,,,,,,,,,
A_B,signal_plus_ssl,precision_recall,,,0.2352941176470588,0.3076923076923077,,,,,,,,,,,,,,,,,,,,,,,
A_B,signal_plus_ssl,precision_recall,,,0.2058823529411764,0.28,,,,,,,,,,,,,,,,,,,,,,,
A_B,signal_plus_ssl,precision_recall,,,0.2058823529411764,0.2916666666666667,,,,,,,,,,,,,,,,,,,,,,,
A_B,signal_plus_ssl,precision_recall,,,0.2058823529411764,0.3043478260869565,,,,,,,,,,,,,,,,,,,,,,,
A_B,signal_plus_ssl,precision_recall,,,0.2058823529411764,0.3181818181818182,,,,,,,,,,,,,,,,,,,,,,,
A_B,signal_plus_ssl,precision_recall,,,0.2058823529411764,0.3333333333333333,,,,,,,,,,,,,,,,,,,,,,,
A_B,signal_plus_ssl,precision_recall,,,0.2058823529411764,0.35,,,,,,,,,,,,,,,,,,,,,,,
A_B,signal_plus_ssl,precision_recall,,,0.2058823529411764,0.3684210526315789,,,,,,,,,,,,,,,,,,,,,,,
A_B,signal_plus_ssl,precision_recall,,,0.2058823529411764,0.3888888888888889,,,,,,,,,,,,,,,,,,,,,,,
A_B,signal_plus_ssl,precision_recall,,,0.2058823529411764,0.4117647058823529,,,,,,,,,,,,,,,,,,,,,,,
A_B,signal_plus_ssl,precision_recall,,,0.2058823529411764,0.4375,,,,,,,,,,,,,,,,,,,,,,,
A_B,signal_plus_ssl,precision_recall,,,0.2058823529411764,0.4666666666666667,,,,,,,,,,,,,,,,,,,,,,,
A_B,signal_plus_ssl,precision_recall,,,0.2058823529411764,0.5,,,,,,,,,,,,,,,,,,,,,,,
A_B,signal_plus_ssl,precision_recall,,,0.2058823529411764,0.5384615384615384,,,,,,,,,,,,,,,,,,,,,,,
A_B,signal_plus_ssl,precision_recall,,,0.2058823529411764,0.5833333333333334,,,,,,,,,,,,,,,,,,,,,,,
A_B,signal_plus_ssl,precision_recall,,,0.1764705882352941,0.5454545454545454,,,,,,,,,,,,,,,,,,,,,,,
A_B,signal_plus_ssl,precision_recall,,,0.1764705882352941,0.6,,,,,,,,,,,,,,,,,,,,,,,
A_B,signal_plus_ssl,precision_recall,,,0.1764705882352941,0.6666666666666666,,,,,,,,,,,,,,,,,,,,,,,
A_B,signal_plus_ssl,precision_recall,,,0.1470588235294117,0.625,,,,,,,,,,,,,,,,,,,,,,,
A_B,signal_plus_ssl,precision_recall,,,0.1176470588235294,0.5714285714285714,,,,,,,,,,,,,,,,,,,,,,,
A_B,signal_plus_ssl,precision_recall,,,0.1176470588235294,0.6666666666666666,,,,,,,,,,,,,,,,,,,,,,,
A_B,signal_plus_ssl,precision_recall,,,0.1176470588235294,0.8,,,,,,,,,,,,,,,,,,,,,,,
A_B,signal_plus_ssl,precision_recall,,,0.1176470588235294,1.0,,,,,,,,,,,,,,,,,,,,,,,
A_B,signal_plus_ssl,precision_recall,,,0.088235294117647,1.0,,,,,,,,,,,,,,,,,,,,,,,
A_B,signal_plus_ssl,precision_recall,,,0.0588235294117647,1.0,,,,,,,,,,,,,,,,,,,,,,,
A_B,signal_plus_ssl,precision_recall,,,0.0294117647058823,1.0,,,,,,,,,,,,,,,,,,,,,,,
A_B,signal_plus_ssl,precision_recall,,,0.0,1.0,,,,,,,,,,,,,,,,,,,,,,,
A_B,signal_plus_ssl_plus_signal_phenotype,roc,0.0,0.0,,,,,,,,,,,,,,,,,,,,,,,,,
A_B,signal_plus_ssl_plus_signal_phenotype,roc,0.0,0.0294117647058823,,,,,,,,,,,,,,,,,,,,,,,,,
A_B,signal_plus_ssl_plus_signal_phenotype,roc,0.0,0.1176470588235294,,,,,,,,,,,,,,,,,,,,,,,,,
A_B,signal_plus_ssl_plus_signal_phenotype,roc,0.0075757575757575,0.1176470588235294,,,,,,,,,,,,,,,,,,,,,,,,,
A_B,signal_plus_ssl_plus_signal_phenotype,roc,0.0075757575757575,0.2058823529411764,,,,,,,,,,,,,,,,,,,,,,,,,
A_B,signal_plus_ssl_plus_signal_phenotype,roc,0.1287878787878787,0.2058823529411764,,,,,,,,,,,,,,,,,,,,,,,,,
A_B,signal_plus_ssl_plus_signal_phenotype,roc,0.1287878787878787,0.2647058823529412,,,,,,,,,,,,,,,,,,,,,,,,,
A_B,signal_plus_ssl_plus_signal_phenotype,roc,0.1666666666666666,0.2647058823529412,,,,,,,,,,,,,,,,,,,,,,,,,
A_B,signal_plus_ssl_plus_signal_phenotype,roc,0.1666666666666666,0.2941176470588235,,,,,,,,,,,,,,,,,,,,,,,,,
A_B,signal_plus_ssl_plus_signal_phenotype,roc,0.2045454545454545,0.2941176470588235,,,,,,,,,,,,,,,,,,,,,,,,,
A_B,signal_plus_ssl_plus_signal_phenotype,roc,0.2045454545454545,0.3235294117647059,,,,,,,,,,,,,,,,,,,,,,,,,
A_B,signal_plus_ssl_plus_signal_phenotype,roc,0.2121212121212121,0.3235294117647059,,,,,,,,,,,,,,,,,,,,,,,,,
A_B,signal_plus_ssl_plus_signal_phenotype,roc,0.2121212121212121,0.3529411764705882,,,,,,,,,,,,,,,,,,,,,,,,,
A_B,signal_plus_ssl_plus_signal_phenotype,roc,0.2348484848484848,0.3529411764705882,,,,,,,,,,,,,,,,,,,,,,,,,
A_B,signal_plus_ssl_plus_signal_phenotype,roc,0.2348484848484848,0.4117647058823529,,,,,,,,,,,,,,,,,,,,,,,,,
A_B,signal_plus_ssl_plus_signal_phenotype,roc,0.2575757575757575,0.4117647058823529,,,,,,,,,,,,,,,,,,,,,,,,,
A_B,signal_plus_ssl_plus_signal_phenotype,roc,0.2575757575757575,0.4411764705882353,,,,,,,,,,,,,,,,,,,,,,,,,
A_B,signal_plus_ssl_plus_signal_phenotype,roc,0.3181818181818182,0.4411764705882353,,,,,,,,,,,,,,,,,,,,,,,,,
A_B,signal_plus_ssl_plus_signal_phenotype,roc,0.3181818181818182,0.4705882352941176,,,,,,,,,,,,,,,,,,,,,,,,,
A_B,signal_plus_ssl_plus_signal_phenotype,roc,0.3636363636363636,0.4705882352941176,,,,,,,,,,,,,,,,,,,,,,,,,
A_B,signal_plus_ssl_plus_signal_phenotype,roc,0.3636363636363636,0.5,,,,,,,,,,,,,,,,,,,,,,,,,
A_B,signal_plus_ssl_plus_signal_phenotype,roc,0.3863636363636363,0.5,,,,,,,,,,,,,,,,,,,,,,,,,
A_B,signal_plus_ssl_plus_signal_phenotype,roc,0.3863636363636363,0.5294117647058824,,,,,,,,,,,,,,,,,,,,,,,,,
A_B,signal_plus_ssl_plus_signal_phenotype,roc,0.4469696969696969,0.5294117647058824,,,,,,,,,,,,,,,,,,,,,,,,,
A_B,signal_plus_ssl_plus_signal_phenotype,roc,0.4469696969696969,0.5588235294117647,,,,,,,,,,,,,,,,,,,,,,,,,
A_B,signal_plus_ssl_plus_signal_phenotype,roc,0.4772727272727273,0.5588235294117647,,,,,,,,,,,,,,,,,,,,,,,,,
A_B,signal_plus_ssl_plus_signal_phenotype,roc,0.4772727272727273,0.6470588235294118,,,,,,,,,,,,,,,,,,,,,,,,,
A_B,signal_plus_ssl_plus_signal_phenotype,roc,0.5,0.6470588235294118,,,,,,,,,,,,,,,,,,,,,,,,,
A_B,signal_plus_ssl_plus_signal_phenotype,roc,0.5,0.6764705882352942,,,,,,,,,,,,,,,,,,,,,,,,,
A_B,signal_plus_ssl_plus_signal_phenotype,roc,0.5303030303030303,0.6764705882352942,,,,,,,,,,,,,,,,,,,,,,,,,
A_B,signal_plus_ssl_plus_signal_phenotype,roc,0.5303030303030303,0.7058823529411765,,,,,,,,,,,,,,,,,,,,,,,,,
A_B,signal_plus_ssl_plus_signal_phenotype,roc,0.6060606060606061,0.7058823529411765,,,,,,,,,,,,,,,,,,,,,,,,,
A_B,signal_plus_ssl_plus_signal_phenotype,roc,0.6060606060606061,0.7352941176470589,,,,,,,,,,,,,,,,,,,,,,,,,
A_B,signal_plus_ssl_plus_signal_phenotype,roc,0.7045454545454546,0.7352941176470589,,,,,,,,,,,,,,,,,,,,,,,,,
A_B,signal_plus_ssl_plus_signal_phenotype,roc,0.7045454545454546,0.7647058823529411,,,,,,,,,,,,,,,,,,,,,,,,,
A_B,signal_plus_ssl_plus_signal_phenotype,roc,0.7196969696969697,0.7647058823529411,,,,,,,,,,,,,,,,,,,,,,,,,
A_B,signal_plus_ssl_plus_signal_phenotype,roc,0.7196969696969697,0.7941176470588235,,,,,,,,,,,,,,,,,,,,,,,,,
A_B,signal_plus_ssl_plus_signal_phenotype,roc,0.7348484848484849,0.7941176470588235,,,,,,,,,,,,,,,,,,,,,,,,,
A_B,signal_plus_ssl_plus_signal_phenotype,roc,0.7348484848484849,0.8235294117647058,,,,,,,,,,,,,,,,,,,,,,,,,
A_B,signal_plus_ssl_plus_signal_phenotype,roc,0.7575757575757576,0.8235294117647058,,,,,,,,,,,,,,,,,,,,,,,,,
A_B,signal_plus_ssl_plus_signal_phenotype,roc,0.7575757575757576,0.8823529411764706,,,,,,,,,,,,,,,,,,,,,,,,,
A_B,signal_plus_ssl_plus_signal_phenotype,roc,0.7651515151515151,0.8823529411764706,,,,,,,,,,,,,,,,,,,,,,,,,
A_B,signal_plus_ssl_plus_signal_phenotype,roc,0.7651515151515151,0.9117647058823528,,,,,,,,,,,,,,,,,,,,,,,,,
A_B,signal_plus_ssl_plus_signal_phenotype,roc,0.7954545454545454,0.9117647058823528,,,,,,,,,,,,,,,,,,,,,,,,,
A_B,signal_plus_ssl_plus_signal_phenotype,roc,0.7954545454545454,0.9411764705882352,,,,,,,,,,,,,,,,,,,,,,,,,
A_B,signal_plus_ssl_plus_signal_phenotype,roc,0.8106060606060606,0.9411764705882352,,,,,,,,,,,,,,,,,,,,,,,,,
A_B,signal_plus_ssl_plus_signal_phenotype,roc,0.8106060606060606,1.0,,,,,,,,,,,,,,,,,,,,,,,,,
A_B,signal_plus_ssl_plus_signal_phenotype,roc,1.0,1.0,,,,,,,,,,,,,,,,,,,,,,,,,
A_B,signal_plus_ssl_plus_signal_phenotype,precision_recall,,,1.0,0.2048192771084337,,,,,,,,,,,,,,,,,,,,,,,
A_B,signal_plus_ssl_plus_signal_phenotype,precision_recall,,,1.0,0.206060606060606,,,,,,,,,,,,,,,,,,,,,,,
A_B,signal_plus_ssl_plus_signal_phenotype,precision_recall,,,1.0,0.2073170731707317,,,,,,,,,,,,,,,,,,,,,,,
A_B,signal_plus_ssl_plus_signal_phenotype,precision_recall,,,1.0,0.2085889570552147,,,,,,,,,,,,,,,,,,,,,,,
A_B,signal_plus_ssl_plus_signal_phenotype,precision_recall,,,1.0,0.2098765432098765,,,,,,,,,,,,,,,,,,,,,,,
A_B,signal_plus_ssl_plus_signal_phenotype,precision_recall,,,1.0,0.2111801242236025,,,,,,,,,,,,,,,,,,,,,,,
A_B,signal_plus_ssl_plus_signal_phenotype,precision_recall,,,1.0,0.2125,,,,,,,,,,,,,,,,,,,,,,,
A_B,signal_plus_ssl_plus_signal_phenotype,precision_recall,,,1.0,0.2138364779874214,,,,,,,,,,,,,,,,,,,,,,,
A_B,signal_plus_ssl_plus_signal_phenotype,precision_recall,,,1.0,0.2151898734177215,,,,,,,,,,,,,,,,,,,,,,,
A_B,signal_plus_ssl_plus_signal_phenotype,precision_recall,,,1.0,0.2165605095541401,,,,,,,,,,,,,,,,,,,,,,,
A_B,signal_plus_ssl_plus_signal_phenotype,precision_recall,,,1.0,0.2179487179487179,,,,,,,,,,,,,,,,,,,,,,,
A_B,signal_plus_ssl_plus_signal_phenotype,precision_recall,,,1.0,0.2193548387096774,,,,,,,,,,,,,,,,,,,,,,,
A_B,signal_plus_ssl_plus_signal_phenotype,precision_recall,,,1.0,0.2207792207792207,,,,,,,,,,,,,,,,,,,,,,,
A_B,signal_plus_ssl_plus_signal_phenotype,precision_recall,,,1.0,0.2222222222222222,,,,,,,,,,,,,,,,,,,,,,,
A_B,signal_plus_ssl_plus_signal_phenotype,precision_recall,,,1.0,0.2236842105263158,,,,,,,,,,,,,,,,,,,,,,,
A_B,signal_plus_ssl_plus_signal_phenotype,precision_recall,,,1.0,0.2251655629139073,,,,,,,,,,,,,,,,,,,,,,,
A_B,signal_plus_ssl_plus_signal_phenotype,precision_recall,,,1.0,0.2266666666666666,,,,,,,,,,,,,,,,,,,,,,,
A_B,signal_plus_ssl_plus_signal_phenotype,precision_recall,,,1.0,0.2281879194630872,,,,,,,,,,,,,,,,,,,,,,,
A_B,signal_plus_ssl_plus_signal_phenotype,precision_recall,,,1.0,0.2297297297297297,,,,,,,,,,,,,,,,,,,,,,,
A_B,signal_plus_ssl_plus_signal_phenotype,precision_recall,,,1.0,0.2312925170068027,,,,,,,,,,,,,,,,,,,,,,,
A_B,signal_plus_ssl_plus_signal_phenotype,precision_recall,,,1.0,0.2328767123287671,,,,,,,,,,,,,,,,,,,,,,,
A_B,signal_plus_ssl_plus_signal_phenotype,precision_recall,,,1.0,0.2344827586206896,,,,,,,,,,,,,,,,,,,,,,,
A_B,signal_plus_ssl_plus_signal_phenotype,precision_recall,,,1.0,0.2361111111111111,,,,,,,,,,,,,,,,,,,,,,,
A_B,signal_plus_ssl_plus_signal_phenotype,precision_recall,,,1.0,0.2377622377622377,,,,,,,,,,,,,,,,,,,,,,,
A_B,signal_plus_ssl_plus_signal_phenotype,precision_recall,,,1.0,0.2394366197183098,,,,,,,,,,,,,,,,,,,,,,,
A_B,signal_plus_ssl_plus_signal_phenotype,precision_recall,,,1.0,0.2411347517730496,,,,,,,,,,,,,,,,,,,,,,,
A_B,signal_plus_ssl_plus_signal_phenotype,precision_recall,,,0.9705882352941176,0.2357142857142857,,,,,,,,,,,,,,,,,,,,,,,
A_B,signal_plus_ssl_plus_signal_phenotype,precision_recall,,,0.9411764705882352,0.2302158273381295,,,,,,,,,,,,,,,,,,,,,,,
A_B,signal_plus_ssl_plus_signal_phenotype,precision_recall,,,0.9411764705882352,0.2318840579710145,,,,,,,,,,,,,,,,,,,,,,,
A_B,signal_plus_ssl_plus_signal_phenotype,precision_recall,,,0.9411764705882352,0.2335766423357664,,,,,,,,,,,,,,,,,,,,,,,
A_B,signal_plus_ssl_plus_signal_phenotype,precision_recall,,,0.9117647058823528,0.2279411764705882,,,,,,,,,,,,,,,,,,,,,,,
A_B,signal_plus_ssl_plus_signal_phenotype,precision_recall,,,0.9117647058823528,0.2296296296296296,,,,,,,,,,,,,,,,,,,,,,,
A_B,signal_plus_ssl_plus_signal_phenotype,precision_recall,,,0.9117647058823528,0.2313432835820895,,,,,,,,,,,,,,,,,,,,,,,
A_B,signal_plus_ssl_plus_signal_phenotype,precision_recall,,,0.9117647058823528,0.2330827067669172,,,,,,,,,,,,,,,,,,,,,,,
A_B,signal_plus_ssl_plus_signal_phenotype,precision_recall,,,0.9117647058823528,0.2348484848484848,,,,,,,,,,,,,,,,,,,,,,,
A_B,signal_plus_ssl_plus_signal_phenotype,precision_recall,,,0.8823529411764706,0.2290076335877862,,,,,,,,,,,,,,,,,,,,,,,
A_B,signal_plus_ssl_plus_signal_phenotype,precision_recall,,,0.8823529411764706,0.2307692307692307,,,,,,,,,,,,,,,,,,,,,,,
A_B,signal_plus_ssl_plus_signal_phenotype,precision_recall,,,0.8529411764705882,0.2248062015503876,,,,,,,,,,,,,,,,,,,,,,,
A_B,signal_plus_ssl_plus_signal_phenotype,precision_recall,,,0.8235294117647058,0.21875,,,,,,,,,,,,,,,,,,,,,,,
A_B,signal_plus_ssl_plus_signal_phenotype,precision_recall,,,0.8235294117647058,0.2204724409448819,,,,,,,,,,,,,,,,,,,,,,,
A_B,signal_plus_ssl_plus_signal_phenotype,precision_recall,,,0.8235294117647058,0.2222222222222222,,,,,,,,,,,,,,,,,,,,,,,
A_B,signal_plus_ssl_plus_signal_phenotype,precision_recall,,,0.8235294117647058,0.224,,,,,,,,,,,,,,,,,,,,,,,
A_B,signal_plus_ssl_plus_signal_phenotype,precision_recall,,,0.7941176470588235,0.2177419354838709,,,,,,,,,,,,,,,,,,,,,,,
A_B,signal_plus_ssl_plus_signal_phenotype,precision_recall,,,0.7941176470588235,0.2195121951219512,,,,,,,,,,,,,,,,,,,,,,,
A_B,signal_plus_ssl_plus_signal_phenotype,precision_recall,,,0.7941176470588235,0.221311475409836,,,,,,,,,,,,,,,,,,,,,,,
A_B,signal_plus_ssl_plus_signal_phenotype,precision_recall,,,0.7647058823529411,0.2148760330578512,,,,,,,,,,,,,,,,,,,,,,,
A_B,signal_plus_ssl_plus_signal_phenotype,precision_recall,,,0.7647058823529411,0.2166666666666666,,,,,,,,,,,,,,,,,,,,,,,
A_B,signal_plus_ssl_plus_signal_phenotype,precision_recall,,,0.7647058823529411,0.2184873949579832,,,,,,,,,,,,,,,,,,,,,,,
A_B,signal_plus_ssl_plus_signal_phenotype,precision_recall,,,0.7352941176470589,0.211864406779661,,,,,,,,,,,,,,,,,,,,,,,
A_B,signal_plus_ssl_plus_signal_phenotype,precision_recall,,,0.7352941176470589,0.2136752136752136,,,,,,,,,,,,,,,,,,,,,,,
A_B,signal_plus_ssl_plus_signal_phenotype,precision_recall,,,0.7352941176470589,0.2155172413793103,,,,,,,,,,,,,,,,,,,,,,,
A_B,signal_plus_ssl_plus_signal_phenotype,precision_recall,,,0.7352941176470589,0.217391304347826,,,,,,,,,,,,,,,,,,,,,,,
A_B,signal_plus_ssl_plus_signal_phenotype,precision_recall,,,0.7352941176470589,0.219298245614035,,,,,,,,,,,,,,,,,,,,,,,
A_B,signal_plus_ssl_plus_signal_phenotype,precision_recall,,,0.7352941176470589,0.2212389380530973,,,,,,,,,,,,,,,,,,,,,,,
A_B,signal_plus_ssl_plus_signal_phenotype,precision_recall,,,0.7352941176470589,0.2232142857142857,,,,,,,,,,,,,,,,,,,,,,,
A_B,signal_plus_ssl_plus_signal_phenotype,precision_recall,,,0.7352941176470589,0.2252252252252252,,,,,,,,,,,,,,,,,,,,,,,
A_B,signal_plus_ssl_plus_signal_phenotype,precision_recall,,,0.7352941176470589,0.2272727272727272,,,,,,,,,,,,,,,,,,,,,,,
A_B,signal_plus_ssl_plus_signal_phenotype,precision_recall,,,0.7352941176470589,0.2293577981651376,,,,,,,,,,,,,,,,,,,,,,,
A_B,signal_plus_ssl_plus_signal_phenotype,precision_recall,,,0.7352941176470589,0.2314814814814814,,,,,,,,,,,,,,,,,,,,,,,
A_B,signal_plus_ssl_plus_signal_phenotype,precision_recall,,,0.7352941176470589,0.2336448598130841,,,,,,,,,,,,,,,,,,,,,,,
A_B,signal_plus_ssl_plus_signal_phenotype,precision_recall,,,0.7352941176470589,0.2358490566037736,,,,,,,,,,,,,,,,,,,,,,,
A_B,signal_plus_ssl_plus_signal_phenotype,precision_recall,,,0.7352941176470589,0.238095238095238,,,,,,,,,,,,,,,,,,,,,,,
A_B,signal_plus_ssl_plus_signal_phenotype,precision_recall,,,0.7058823529411765,0.2307692307692307,,,,,,,,,,,,,,,,,,,,,,,
A_B,signal_plus_ssl_plus_signal_phenotype,precision_recall,,,0.7058823529411765,0.233009708737864,,,,,,,,,,,,,,,,,,,,,,,
A_B,signal_plus_ssl_plus_signal_phenotype,precision_recall,,,0.7058823529411765,0.2352941176470588,,,,,,,,,,,,,,,,,,,,,,,
A_B,signal_plus_ssl_plus_signal_phenotype,precision_recall,,,0.7058823529411765,0.2376237623762376,,,,,,,,,,,,,,,,,,,,,,,
A_B,signal_plus_ssl_plus_signal_phenotype,precision_recall,,,0.7058823529411765,0.24,,,,,,,,,,,,,,,,,,,,,,,
A_B,signal_plus_ssl_plus_signal_phenotype,precision_recall,,,0.7058823529411765,0.2424242424242424,,,,,,,,,,,,,,,,,,,,,,,
A_B,signal_plus_ssl_plus_signal_phenotype,precision_recall,,,0.7058823529411765,0.2448979591836734,,,,,,,,,,,,,,,,,,,,,,,
A_B,signal_plus_ssl_plus_signal_phenotype,precision_recall,,,0.7058823529411765,0.2474226804123711,,,,,,,,,,,,,,,,,,,,,,,
A_B,signal_plus_ssl_plus_signal_phenotype,precision_recall,,,0.7058823529411765,0.25,,,,,,,,,,,,,,,,,,,,,,,
A_B,signal_plus_ssl_plus_signal_phenotype,precision_recall,,,0.7058823529411765,0.2526315789473684,,,,,,,,,,,,,,,,,,,,,,,
A_B,signal_plus_ssl_plus_signal_phenotype,precision_recall,,,0.7058823529411765,0.2553191489361702,,,,,,,,,,,,,,,,,,,,,,,
A_B,signal_plus_ssl_plus_signal_phenotype,precision_recall,,,0.6764705882352942,0.2473118279569892,,,,,,,,,,,,,,,,,,,,,,,
A_B,signal_plus_ssl_plus_signal_phenotype,precision_recall,,,0.6764705882352942,0.25,,,,,,,,,,,,,,,,,,,,,,,
A_B,signal_plus_ssl_plus_signal_phenotype,precision_recall,,,0.6764705882352942,0.2527472527472527,,,,,,,,,,,,,,,,,,,,,,,
A_B,signal_plus_ssl_plus_signal_phenotype,precision_recall,,,0.6764705882352942,0.2555555555555555,,,,,,,,,,,,,,,,,,,,,,,
A_B,signal_plus_ssl_plus_signal_phenotype,precision_recall,,,0.6764705882352942,0.2584269662921348,,,,,,,,,,,,,,,,,,,,,,,
A_B,signal_plus_ssl_plus_signal_phenotype,precision_recall,,,0.6470588235294118,0.25,,,,,,,,,,,,,,,,,,,,,,,
A_B,signal_plus_ssl_plus_signal_phenotype,precision_recall,,,0.6470588235294118,0.2528735632183908,,,,,,,,,,,,,,,,,,,,,,,
A_B,signal_plus_ssl_plus_signal_phenotype,precision_recall,,,0.6470588235294118,0.2558139534883721,,,,,,,,,,,,,,,,,,,,,,,
A_B,signal_plus_ssl_plus_signal_phenotype,precision_recall,,,0.6470588235294118,0.2588235294117647,,,,,,,,,,,,,,,,,,,,,,,
A_B,signal_plus_ssl_plus_signal_phenotype,precision_recall,,,0.6176470588235294,0.25,,,,,,,,,,,,,,,,,,,,,,,
A_B,signal_plus_ssl_plus_signal_phenotype,precision_recall,,,0.5882352941176471,0.2409638554216867,,,,,,,,,,,,,,,,,,,,,,,
A_B,signal_plus_ssl_plus_signal_phenotype,precision_recall,,,0.5588235294117647,0.2317073170731707,,,,,,,,,,,,,,,,,,,,,,,
A_B,signal_plus_ssl_plus_signal_phenotype,precision_recall,,,0.5588235294117647,0.2345679012345679,,,,,,,,,,,,,,,,,,,,,,,
A_B,signal_plus_ssl_plus_signal_phenotype,precision_recall,,,0.5588235294117647,0.2375,,,,,,,,,,,,,,,,,,,,,,,
A_B,signal_plus_ssl_plus_signal_phenotype,precision_recall,,,0.5588235294117647,0.240506329113924,,,,,,,,,,,,,,,,,,,,,,,
A_B,signal_plus_ssl_plus_signal_phenotype,precision_recall,,,0.5588235294117647,0.2435897435897435,,,,,,,,,,,,,,,,,,,,,,,
A_B,signal_plus_ssl_plus_signal_phenotype,precision_recall,,,0.5294117647058824,0.2337662337662337,,,,,,,,,,,,,,,,,,,,,,,
A_B,signal_plus_ssl_plus_signal_phenotype,precision_recall,,,0.5294117647058824,0.2368421052631578,,,,,,,,,,,,,,,,,,,,,,,
A_B,signal_plus_ssl_plus_signal_phenotype,precision_recall,,,0.5294117647058824,0.24,,,,,,,,,,,,,,,,,,,,,,,
A_B,signal_plus_ssl_plus_signal_phenotype,precision_recall,,,0.5294117647058824,0.2432432432432432,,,,,,,,,,,,,,,,,,,,,,,
A_B,signal_plus_ssl_plus_signal_phenotype,precision_recall,,,0.5294117647058824,0.2465753424657534,,,,,,,,,,,,,,,,,,,,,,,
A_B,signal_plus_ssl_plus_signal_phenotype,precision_recall,,,0.5294117647058824,0.25,,,,,,,,,,,,,,,,,,,,,,,
A_B,signal_plus_ssl_plus_signal_phenotype,precision_recall,,,0.5294117647058824,0.2535211267605634,,,,,,,,,,,,,,,,,,,,,,,
A_B,signal_plus_ssl_plus_signal_phenotype,precision_recall,,,0.5294117647058824,0.2571428571428571,,,,,,,,,,,,,,,,,,,,,,,
A_B,signal_plus_ssl_plus_signal_phenotype,precision_recall,,,0.5294117647058824,0.2608695652173913,,,,,,,,,,,,,,,,,,,,,,,
A_B,signal_plus_ssl_plus_signal_phenotype,precision_recall,,,0.5,0.25,,,,,,,,,,,,,,,,,,,,,,,
A_B,signal_plus_ssl_plus_signal_phenotype,precision_recall,,,0.5,0.2537313432835821,,,,,,,,,,,,,,,,,,,,,,,
A_B,signal_plus_ssl_plus_signal_phenotype,precision_recall,,,0.5,0.2575757575757575,,,,,,,,,,,,,,,,,,,,,,,
A_B,signal_plus_ssl_plus_signal_phenotype,precision_recall,,,0.5,0.2615384615384615,,,,,,,,,,,,,,,,,,,,,,,
A_B,signal_plus_ssl_plus_signal_phenotype,precision_recall,,,0.4705882352941176,0.25,,,,,,,,,,,,,,,,,,,,,,,
A_B,signal_plus_ssl_plus_signal_phenotype,precision_recall,,,0.4705882352941176,0.2539682539682539,,,,,,,,,,,,,,,,,,,,,,,
A_B,signal_plus_ssl_plus_signal_phenotype,precision_recall,,,0.4705882352941176,0.2580645161290322,,,,,,,,,,,,,,,,,,,,,,,
A_B,signal_plus_ssl_plus_signal_phenotype,precision_recall,,,0.4705882352941176,0.2622950819672131,,,,,,,,,,,,,,,,,,,,,,,
A_B,signal_plus_ssl_plus_signal_phenotype,precision_recall,,,0.4705882352941176,0.2666666666666666,,,,,,,,,,,,,,,,,,,,,,,
A_B,signal_plus_ssl_plus_signal_phenotype,precision_recall,,,0.4705882352941176,0.2711864406779661,,,,,,,,,,,,,,,,,,,,,,,
A_B,signal_plus_ssl_plus_signal_phenotype,precision_recall,,,0.4705882352941176,0.2758620689655172,,,,,,,,,,,,,,,,,,,,,,,
A_B,signal_plus_ssl_plus_signal_phenotype,precision_recall,,,0.4411764705882353,0.2631578947368421,,,,,,,,,,,,,,,,,,,,,,,
A_B,signal_plus_ssl_plus_signal_phenotype,precision_recall,,,0.4411764705882353,0.2678571428571428,,,,,,,,,,,,,,,,,,,,,,,
A_B,signal_plus_ssl_plus_signal_phenotype,precision_recall,,,0.4411764705882353,0.2727272727272727,,,,,,,,,,,,,,,,,,,,,,,
A_B,signal_plus_ssl_plus_signal_phenotype,precision_recall,,,0.4411764705882353,0.2777777777777778,,,,,,,,,,,,,,,,,,,,,,,
A_B,signal_plus_ssl_plus_signal_phenotype,precision_recall,,,0.4411764705882353,0.2830188679245283,,,,,,,,,,,,,,,,,,,,,,,
A_B,signal_plus_ssl_plus_signal_phenotype,precision_recall,,,0.4411764705882353,0.2884615384615384,,,,,,,,,,,,,,,,,,,,,,,
A_B,signal_plus_ssl_plus_signal_phenotype,precision_recall,,,0.4411764705882353,0.2941176470588235,,,,,,,,,,,,,,,,,,,,,,,
A_B,signal_plus_ssl_plus_signal_phenotype,precision_recall,,,0.4411764705882353,0.3,,,,,,,,,,,,,,,,,,,,,,,
A_B,signal_plus_ssl_plus_signal_phenotype,precision_recall,,,0.4411764705882353,0.3061224489795918,,,,,,,,,,,,,,,,,,,,,,,
A_B,signal_plus_ssl_plus_signal_phenotype,precision_recall,,,0.4117647058823529,0.2916666666666667,,,,,,,,,,,,,,,,,,,,,,,
A_B,signal_plus_ssl_plus_signal_phenotype,precision_recall,,,0.4117647058823529,0.2978723404255319,,,,,,,,,,,,,,,,,,,,,,,
A_B,signal_plus_ssl_plus_signal_phenotype,precision_recall,,,0.4117647058823529,0.3043478260869565,,,,,,,,,,,,,,,,,,,,,,,
A_B,signal_plus_ssl_plus_signal_phenotype,precision_recall,,,0.4117647058823529,0.3111111111111111,,,,,,,,,,,,,,,,,,,,,,,
A_B,signal_plus_ssl_plus_signal_phenotype,precision_recall,,,0.3823529411764705,0.2954545454545454,,,,,,,,,,,,,,,,,,,,,,,
A_B,signal_plus_ssl_plus_signal_phenotype,precision_recall,,,0.3529411764705882,0.2790697674418604,,,,,,,,,,,,,,,,,,,,,,,
A_B,signal_plus_ssl_plus_signal_phenotype,precision_recall,,,0.3529411764705882,0.2857142857142857,,,,,,,,,,,,,,,,,,,,,,,
A_B,signal_plus_ssl_plus_signal_phenotype,precision_recall,,,0.3529411764705882,0.2926829268292683,,,,,,,,,,,,,,,,,,,,,,,
A_B,signal_plus_ssl_plus_signal_phenotype,precision_recall,,,0.3529411764705882,0.3,,,,,,,,,,,,,,,,,,,,,,,
A_B,signal_plus_ssl_plus_signal_phenotype,precision_recall,,,0.3235294117647059,0.282051282051282,,,,,,,,,,,,,,,,,,,,,,,
A_B,signal_plus_ssl_plus_signal_phenotype,precision_recall,,,0.3235294117647059,0.2894736842105263,,,,,,,,,,,,,,,,,,,,,,,
A_B,signal_plus_ssl_plus_signal_phenotype,precision_recall,,,0.2941176470588235,0.2702702702702703,,,,,,,,,,,,,,,,,,,,,,,
A_B,signal_plus_ssl_plus_signal_phenotype,precision_recall,,,0.2941176470588235,0.2777777777777778,,,,,,,,,,,,,,,,,,,,,,,
A_B,signal_plus_ssl_plus_signal_phenotype,precision_recall,,,0.2941176470588235,0.2857142857142857,,,,,,,,,,,,,,,,,,,,,,,
A_B,signal_plus_ssl_plus_signal_phenotype,precision_recall,,,0.2941176470588235,0.2941176470588235,,,,,,,,,,,,,,,,,,,,,,,
A_B,signal_plus_ssl_plus_signal_phenotype,precision_recall,,,0.2941176470588235,0.303030303030303,,,,,,,,,,,,,,,,,,,,,,,
A_B,signal_plus_ssl_plus_signal_phenotype,precision_recall,,,0.2941176470588235,0.3125,,,,,,,,,,,,,,,,,,,,,,,
A_B,signal_plus_ssl_plus_signal_phenotype,precision_recall,,,0.2647058823529412,0.2903225806451613,,,,,,,,,,,,,,,,,,,,,,,
A_B,signal_plus_ssl_plus_signal_phenotype,precision_recall,,,0.2647058823529412,0.3,,,,,,,,,,,,,,,,,,,,,,,
A_B,signal_plus_ssl_plus_signal_phenotype,precision_recall,,,0.2647058823529412,0.3103448275862069,,,,,,,,,,,,,,,,,,,,,,,
A_B,signal_plus_ssl_plus_signal_phenotype,precision_recall,,,0.2647058823529412,0.3214285714285714,,,,,,,,,,,,,,,,,,,,,,,
A_B,signal_plus_ssl_plus_signal_phenotype,precision_recall,,,0.2647058823529412,0.3333333333333333,,,,,,,,,,,,,,,,,,,,,,,
A_B,signal_plus_ssl_plus_signal_phenotype,precision_recall,,,0.2647058823529412,0.3461538461538461,,,,,,,,,,,,,,,,,,,,,,,
A_B,signal_plus_ssl_plus_signal_phenotype,precision_recall,,,0.2352941176470588,0.32,,,,,,,,,,,,,,,,,,,,,,,
A_B,signal_plus_ssl_plus_signal_phenotype,precision_recall,,,0.2058823529411764,0.2916666666666667,,,,,,,,,,,,,,,,,,,,,,,
A_B,signal_plus_ssl_plus_signal_phenotype,precision_recall,,,0.2058823529411764,0.3043478260869565,,,,,,,,,,,,,,,,,,,,,,,
A_B,signal_plus_ssl_plus_signal_phenotype,precision_recall,,,0.2058823529411764,0.3181818181818182,,,,,,,,,,,,,,,,,,,,,,,
A_B,signal_plus_ssl_plus_signal_phenotype,precision_recall,,,0.2058823529411764,0.3333333333333333,,,,,,,,,,,,,,,,,,,,,,,
A_B,signal_plus_ssl_plus_signal_phenotype,precision_recall,,,0.2058823529411764,0.35,,,,,,,,,,,,,,,,,,,,,,,
A_B,signal_plus_ssl_plus_signal_phenotype,precision_recall,,,0.2058823529411764,0.3684210526315789,,,,,,,,,,,,,,,,,,,,,,,
A_B,signal_plus_ssl_plus_signal_phenotype,precision_recall,,,0.2058823529411764,0.3888888888888889,,,,,,,,,,,,,,,,,,,,,,,
A_B,signal_plus_ssl_plus_signal_phenotype,precision_recall,,,0.2058823529411764,0.4117647058823529,,,,,,,,,,,,,,,,,,,,,,,
A_B,signal_plus_ssl_plus_signal_phenotype,precision_recall,,,0.2058823529411764,0.4375,,,,,,,,,,,,,,,,,,,,,,,
A_B,signal_plus_ssl_plus_signal_phenotype,precision_recall,,,0.2058823529411764,0.4666666666666667,,,,,,,,,,,,,,,,,,,,,,,
A_B,signal_plus_ssl_plus_signal_phenotype,precision_recall,,,0.2058823529411764,0.5,,,,,,,,,,,,,,,,,,,,,,,
A_B,signal_plus_ssl_plus_signal_phenotype,precision_recall,,,0.2058823529411764,0.5384615384615384,,,,,,,,,,,,,,,,,,,,,,,
A_B,signal_plus_ssl_plus_signal_phenotype,precision_recall,,,0.2058823529411764,0.5833333333333334,,,,,,,,,,,,,,,,,,,,,,,
A_B,signal_plus_ssl_plus_signal_phenotype,precision_recall,,,0.2058823529411764,0.6363636363636364,,,,,,,,,,,,,,,,,,,,,,,
A_B,signal_plus_ssl_plus_signal_phenotype,precision_recall,,,0.2058823529411764,0.7,,,,,,,,,,,,,,,,,,,,,,,
A_B,signal_plus_ssl_plus_signal_phenotype,precision_recall,,,0.2058823529411764,0.7777777777777778,,,,,,,,,,,,,,,,,,,,,,,
A_B,signal_plus_ssl_plus_signal_phenotype,precision_recall,,,0.2058823529411764,0.875,,,,,,,,,,,,,,,,,,,,,,,
A_B,signal_plus_ssl_plus_signal_phenotype,precision_recall,,,0.1764705882352941,0.8571428571428571,,,,,,,,,,,,,,,,,,,,,,,
A_B,signal_plus_ssl_plus_signal_phenotype,precision_recall,,,0.1470588235294117,0.8333333333333334,,,,,,,,,,,,,,,,,,,,,,,
A_B,signal_plus_ssl_plus_signal_phenotype,precision_recall,,,0.1176470588235294,0.8,,,,,,,,,,,,,,,,,,,,,,,
A_B,signal_plus_ssl_plus_signal_phenotype,precision_recall,,,0.1176470588235294,1.0,,,,,,,,,,,,,,,,,,,,,,,
A_B,signal_plus_ssl_plus_signal_phenotype,precision_recall,,,0.088235294117647,1.0,,,,,,,,,,,,,,,,,,,,,,,
A_B,signal_plus_ssl_plus_signal_phenotype,precision_recall,,,0.0588235294117647,1.0,,,,,,,,,,,,,,,,,,,,,,,
A_B,signal_plus_ssl_plus_signal_phenotype,precision_recall,,,0.0294117647058823,1.0,,,,,,,,,,,,,,,,,,,,,,,
A_B,signal_plus_ssl_plus_signal_phenotype,precision_recall,,,0.0,1.0,,,,,,,,,,,,,,,,,,,,,,,
C,signal_features,,,,,,auroc,0.6303475935828877,0.629339718513768,0.5254294992667086,0.728436582767078,2000.0,,,,,,,,,,,,,,,,,
C,signal_features,,,,,,auprc,0.3365609947521623,0.3521546875061651,0.2173340161299445,0.4941216453489944,2000.0,,,,,,,,,,,,,,,,,
C,ssl_embeddings,,,,,,auroc,0.4946524064171123,0.4936361169993588,0.3795177092785844,0.6034762872979693,2000.0,,,,,,,,,,,,,,,,,
C,ssl_embeddings,,,,,,auprc,0.2125440953762951,0.2269329343209955,0.1476980769721088,0.3247649775020342,2000.0,,,,,,,,,,,,,,,,,
C,signal_plus_ssl,,,,,,auroc,0.6024955436720142,0.6007414456541716,0.4926930400427023,0.7045483056370153,2000.0,,,,,,,,,,,,,,,,,
C,signal_plus_ssl,,,,,,auprc,0.3764579649139151,0.3831500154169732,0.2398755312532762,0.5243393909291644,2000.0,,,,,,,,,,,,,,,,,
C,signal_plus_ssl_plus_signal_phenotype,,,,,,auroc,0.6167557932263814,0.6150943729642063,0.5110895721925134,0.7190839694656488,2000.0,,,,,,,,,,,,,,,,,
C,signal_plus_ssl_plus_signal_phenotype,,,,,,auprc,0.4016008491533219,0.4069240577519632,0.2604627101756661,0.5470869745689515,2000.0,,,,,,,,,,,,,,,,,
D,,,,,,,auprc,,,-0.0527365042591424,0.1076977832532375,2000.0,signal_plus_ssl minus signal_features,0.0309953279108082,,,,,,,,,,,,,,,
D,,,,,,,auprc,,,-0.0353813521827991,0.1518686851801557,2000.0,signal_plus_ssl_plus_signal_phenotype minus signal_features,0.0547693702457981,,,,,,,,,,,,,,,
D,,,,,,,auprc,,,-0.0613038031398714,0.1056057684764155,2000.0,signal_plus_ssl minus signal_plus_signal_phenotype,0.0213108391354145,,,,,,,,,,,,,,,
E,signal_features,,,,,,auprc,0.3365609947521623,0.3521546875061651,0.2173340161299445,0.4941216453489944,2000.0,,,full_features,,,,,,,,,,,,,,
E,signal_plus_ssl,,,,,,auprc,0.3764579649139151,0.3831500154169732,0.2398755312532762,0.5243393909291644,2000.0,,,full_features,,,,,,,,,,,,,,
E,signal_plus_ssl_plus_signal_phenotype,,,,,,auprc,0.4016008491533219,0.4069240577519632,0.2604627101756661,0.5470869745689515,2000.0,,,full_features,,,,,,,,,,,,,,
E,signal_features,,,,,,auprc,0.3764596373965813,0.3899750727013363,0.2417583255345687,0.5493038379768708,2000.0,,,no_missingness_features,,,,,,,,,,,,,,
E,signal_plus_ssl,,,,,,auprc,0.3950571350691538,0.3997712586155125,0.2506713178918476,0.5469532886010109,2000.0,,,no_missingness_features,,,,,,,,,,,,,,
E,signal_plus_ssl_plus_signal_phenotype,,,,,,auprc,0.3982101865791227,0.4031883421915174,0.2536733064996859,0.5486225238436623,2000.0,,,no_missingness_features,,,,,,,,,,,,,,
F_features,signal_plus_ssl,,,,,,,,,,,,,,,fhr_missing_fraction,0.1641882777364192,0.0342731480821225,0.0846256684491979,0.0327393247620843,clinical_signal,FHR missing fraction,1.0,1.0,,,,,
F_features,signal_plus_ssl,,,,,,,,,,,,,,,emb_55,0.1584054472068349,0.0345524267025417,0.0701500297088532,0.0246388384419617,ssl_embedding,SSL dimension 55,2.0,2.0,,,,,
F_features,signal_plus_ssl,,,,,,,,,,,,,,,emb_32,0.1386933428112158,0.0273146106136179,0.05034165181224,0.0223851527049176,ssl_embedding,SSL dimension 32,3.0,6.0,,,,,
F_features,signal_plus_ssl,,,,,,,,,,,,,,,emb_17,0.1179445283238231,0.0317987186659372,0.0186720142602495,0.0239016956209698,ssl_embedding,SSL dimension 17,4.0,18.0,,,,,
F_features,signal_plus_ssl,,,,,,,,,,,,,,,emb_19,0.1178064519157563,0.026570118550196,0.0118612596553773,0.0315649758760622,ssl_embedding,SSL dimension 19,5.0,31.0,,,,,
F_features,signal_plus_ssl,,,,,,,,,,,,,,,emb_43,0.1004000607861992,0.0316892730709607,0.0334967320261438,0.0220725733428328,ssl_embedding,SSL dimension 43,6.0,10.0,,,,,
F_features,signal_plus_ssl,,,,,,,,,,,,,,,fhr_mean,0.0989320030496457,0.0313842607924868,0.0507501485442662,0.0162309354974694,clinical_signal,Mean FHR,7.0,5.0,,,,,
F_features,signal_plus_ssl,,,,,,,,,,,,,,,emb_18,0.088603766077886,0.0270526554569924,0.0249925727866904,0.0173943448769013,ssl_embedding,SSL dimension 18,8.0,13.0,,,,,
F_features,signal_plus_ssl,,,,,,,,,,,,,,,emb_63,0.0817781078996896,0.0321198271642438,0.0358288770053476,0.0305851201206767,ssl_embedding,SSL dimension 63,9.0,8.0,,,,,
F_features,signal_plus_ssl,,,,,,,,,,,,,,,emb_52,0.0782852792747735,0.0192552937380987,0.0111928104575163,0.0184948065884853,ssl_embedding,SSL dimension 52,10.0,32.0,,,,,
F_features,signal_plus_ssl,,,,,,,,,,,,,,,emb_26,0.0775384902155795,0.0202950638557194,0.01284165181224,0.0193730270784903,ssl_embedding,SSL dimension 26,11.0,29.0,,,,,
F_features,signal_plus_ssl,,,,,,,,,,,,,,,emb_25,0.0768601952363549,0.0222999775681126,0.0647281639928698,0.0237054554644417,ssl_embedding,SSL dimension 25,12.0,3.0,,,,,
F_family,signal_plus_ssl,,,,,,,,,,,,,,,,,,,,clinical_signal,,,,0.4874028125153057,0.0406169010429421,0.2016488413547238,0.0168040701128936,12.0
F_family,signal_plus_ssl,,,,,,,,,,,,,,,,,,,,ssl_embedding,,,,2.600260933096987,0.0406290770796404,0.7786616161616171,0.0121665877525252,64.0
F_family,signal_plus_ssl_plus_signal_phenotype,,,,,,,,,,,,,,,,,,,,clinical_signal,,,,0.3687638743753214,0.0307303228646101,0.1920603089720739,0.0160050257476728,12.0
F_family,signal_plus_ssl_plus_signal_phenotype,,,,,,,,,,,,,,,,,,,,phenotype,,,,0.023480728265159,0.023480728265159,0.0159313725490196,0.0159313725490196,1.0
F_family,signal_plus_ssl_plus_signal_phenotype,,,,,,,,,,,,,,,,,,,,ssl_embedding,,,,1.893348554509958,0.029583571164218,0.7694741532976842,0.0120230336452763,64.0
