role,path,exists,bytes,sha256
main_tex,R1_FRONTIERS_ORIGINAL_TEMPLATE_REVIEW_20260707/latex_original_frontiers_template/frontiers_ctg_manuscript.tex,True,50845,d889ec0ac784ad640c42c767184043d7bcea5038a8dba92c2b52d7d3b59dd697
supplementary_tex,R1_FRONTIERS_ORIGINAL_TEMPLATE_REVIEW_20260707/latex_original_frontiers_template/frontiers_ctg_supplementary_material.tex,True,144142,a2e467b65e4aefbafe297900b09a9a3ac88849f6757c0107d0024724bf562680
main_pdf,R1_FRONTIERS_ORIGINAL_TEMPLATE_REVIEW_20260707/latex_original_frontiers_template/frontiers_ctg_manuscript.pdf,True,2736887,8f53bc91a5fa9568d25fba5ca8ef2d2e3f901b7a856166ff2eb0fec6d0bcd4f3
supplementary_pdf,R1_FRONTIERS_ORIGINAL_TEMPLATE_REVIEW_20260707/latex_original_frontiers_template/frontiers_ctg_supplementary_material.pdf,True,820094,c08721e1976bfae7352a5f928da7ad4f546012e3242105e17e3c4393585e61d6
response_reviewer_1_tex,R1_FRONTIERS_ORIGINAL_TEMPLATE_REVIEW_20260707/latex_original_frontiers_template/Response_to_Reviewer_1_R1_20260707.tex,True,8266,0dfe47d0ec5bfb4d6c02cde5d7b1a1977d8eba3e492689765408d50fd0488607
response_reviewer_1_pdf,R1_FRONTIERS_ORIGINAL_TEMPLATE_REVIEW_20260707/latex_original_frontiers_template/Response_to_Reviewer_1_R1_20260707.pdf,True,101665,07df3775ddbafa7bafb84af3863a109f4b3eea43333f017b586e81872bdc77a5
response_reviewer_2_tex,R1_FRONTIERS_ORIGINAL_TEMPLATE_REVIEW_20260707/latex_original_frontiers_template/Response_to_Reviewer_2_R1_20260707.tex,True,6285,6b45f000cabc4f92ffcde4f3ee778a9c174e0caf8b3f70dd8c7650aa5333ec2a
response_reviewer_2_pdf,R1_FRONTIERS_ORIGINAL_TEMPLATE_REVIEW_20260707/latex_original_frontiers_template/Response_to_Reviewer_2_R1_20260707.pdf,True,98501,8afdd718bdf54a3ad498b7f186b0234827075ba5d07c039d3805c6754617d94f
final_png_figure,R1_FRONTIERS_ORIGINAL_TEMPLATE_REVIEW_20260707/latex_original_frontiers_template/figures/Figure_1_study_design_pipeline.png,True,2048002,1cbffbff21117ce10b551f3f516bb8df1f78f0076c8d21c82b51e0cd8554c403
final_png_figure,R1_FRONTIERS_ORIGINAL_TEMPLATE_REVIEW_20260707/latex_original_frontiers_template/figures/Figure_2_model_validation_and_explanation.png,True,242570,3dacda98963cebea3a1e74f19022b29765c800dfc8703ee7a30fcafcf50510f6
final_png_figure,R1_FRONTIERS_ORIGINAL_TEMPLATE_REVIEW_20260707/latex_original_frontiers_template/figures/Figure_3_dynamic_phenotype_prototypes.png,True,202691,b55fb17a581b92dbac75e312ca2d8b9b0e31da90bf8f856a909bdc11f07fe6a9
final_png_figure,R1_FRONTIERS_ORIGINAL_TEMPLATE_REVIEW_20260707/latex_original_frontiers_template/figures/Figure_4_recalibration_and_clinical_utility.png,True,203890,c87305997f77a1df3d99587d12fb4b6129340d4d9cd2923717bbdf1e8eff86a3
final_png_figure,R1_FRONTIERS_ORIGINAL_TEMPLATE_REVIEW_20260707/latex_original_frontiers_template/figures/Supplementary_Figure_S1_model_selection_and_sensitivity.png,True,201723,81619c99a5fa291bf96b5a2f8081fdef430f36c41b558cd435c6f41b840d50e8
final_png_figure,R1_FRONTIERS_ORIGINAL_TEMPLATE_REVIEW_20260707/latex_original_frontiers_template/figures/Supplementary_Figure_S2_external_domain_shift.png,True,334470,44e121cd61326fd2138f93e5acace22d39c7c2228d8ae0c0652165a9b7a348ce
final_png_figure,R1_FRONTIERS_ORIGINAL_TEMPLATE_REVIEW_20260707/latex_original_frontiers_template/figures/Supplementary_Figure_S3_endpoint_threshold_and_sample_size.png,True,164814,ed29ac89b9b633b22ee29dd671434955568a2c0dbea2fb29bf8ee8cf14919c9a
Supplementary Table 1,R1_FRONTIERS_ORIGINAL_TEMPLATE_REVIEW_20260707/supplementary_tables/Supplementary_Table_1_datasets_and_cohort_scale.csv,True,1655,5179509af0d4107c59c006bde76c5e56371ec5e4cc42801bc0722079e2ec15e3
Supplementary Table 2,R1_FRONTIERS_ORIGINAL_TEMPLATE_REVIEW_20260707/supplementary_tables/Supplementary_Table_2_model_performance_bootstrap.csv,True,4637,c83bd593bd7ffa2672cb1b07a064c53d69aa25385b4b2fab0bfe4b6eba06ce96
Supplementary Table 3,R1_FRONTIERS_ORIGINAL_TEMPLATE_REVIEW_20260707/supplementary_tables/Supplementary_Table_3_bootstrap_model_differences.csv,True,1218,e253193805683103f94ce8eb77a6e5971e53b4dbdfb297ee26624725a3cfe725
Supplementary Table 4,R1_FRONTIERS_ORIGINAL_TEMPLATE_REVIEW_20260707/supplementary_tables/Supplementary_Table_4_dynamic_phenotype_summary_and_prototypes.csv,True,3077,66dc52959aa7c10e83043b3a3ffe40d3b087f9c3bf803e8dc9545624d71a58b2
Supplementary Table 5,R1_FRONTIERS_ORIGINAL_TEMPLATE_REVIEW_20260707/supplementary_tables/Supplementary_Table_5_prediction_explainability.csv,True,8692,560e5c301cb0996a705ffb1f7ecf77726e9cd194f960a7542833ac8efd4662e0
Supplementary Table 6,R1_FRONTIERS_ORIGINAL_TEMPLATE_REVIEW_20260707/supplementary_tables/Supplementary_Table_6_missingness_sensitivity.csv,True,6800,a8be1ea24983ea04055a569e45087ac732e148d607aec5a48e9714a0d8b8e6a6
Supplementary Table 7,R1_FRONTIERS_ORIGINAL_TEMPLATE_REVIEW_20260707/supplementary_tables/Supplementary_Table_7_recalibration_and_decision_curve.csv,True,17794,2e48c546cd79053c269f8247f6173ee946448e2868279f025c1786d3fd2d5c17
Supplementary Table 8,R1_FRONTIERS_ORIGINAL_TEMPLATE_REVIEW_20260707/supplementary_tables/Supplementary_Table_8_external_representation_validation.csv,True,739,cd42c3da205d859c0931517e9808276397dd7688f16c68d35ebc0db19c6c5f6d
Supplementary Table 9,R1_FRONTIERS_ORIGINAL_TEMPLATE_REVIEW_20260707/supplementary_tables/Supplementary_Table_9_reviewer_sensitivity_analyses.csv,True,6216,3b06bdfce28ae5f428f9b35a655eacd7d3702ffc18135071f3bbbee289ca1689
Supplementary Table 10,R1_FRONTIERS_ORIGINAL_TEMPLATE_REVIEW_20260707/supplementary_tables/Supplementary_Table_10_TRIPOD_AI_checklist.csv,True,8255,d7054b299f5cc2f94a3b4d8bedf8b914a23de6834294a74971a6a7ee2fb579f2
Supplementary Table 11,R1_FRONTIERS_ORIGINAL_TEMPLATE_REVIEW_20260707/supplementary_tables/Supplementary_Table_11_transformer_hyperparameters.csv,True,2811,8bb2f1711fdc14cb4513718643bbb8aa28298cb5aa63860217cbec5b9d421383
standalone_supplementary_table_auxiliary,R1_FRONTIERS_ORIGINAL_TEMPLATE_REVIEW_20260707/latex_original_frontiers_template/standalone_supplementary_tables/Supplementary_Table_10_TRIPOD_AI_checklist_standalone.aux,True,527,bff1de9bc384ce2d5490671aca1f5a05a533f160bfc81dd1d4a936e29402ed46
standalone_supplementary_table_auxiliary,R1_FRONTIERS_ORIGINAL_TEMPLATE_REVIEW_20260707/latex_original_frontiers_template/standalone_supplementary_tables/Supplementary_Table_10_TRIPOD_AI_checklist_standalone.fdb_latexmk,True,8770,2b666d0723a2becdec8c76b9e97599402460f68e7ae4a457bf1677f77917618b
standalone_supplementary_table_auxiliary,R1_FRONTIERS_ORIGINAL_TEMPLATE_REVIEW_20260707/latex_original_frontiers_template/standalone_supplementary_tables/Supplementary_Table_10_TRIPOD_AI_checklist_standalone.fls,True,10377,16b7d6fd80d487f6a17c2748f69bf87eff1c085295f680aaf4a2ef4a1bec04ee
standalone_supplementary_table_auxiliary,R1_FRONTIERS_ORIGINAL_TEMPLATE_REVIEW_20260707/latex_original_frontiers_template/standalone_supplementary_tables/Supplementary_Table_10_TRIPOD_AI_checklist_standalone.log,True,17195,839b88c74c3374395763e60a7ce78488949472240e97a135c4dd910b9894c14a
standalone_supplementary_table_auxiliary,R1_FRONTIERS_ORIGINAL_TEMPLATE_REVIEW_20260707/latex_original_frontiers_template/standalone_supplementary_tables/Supplementary_Table_10_TRIPOD_AI_checklist_standalone.out,True,0,e3b0c44298fc1c149afbf4c8996fb92427ae41e4649b934ca495991b7852b855
standalone_supplementary_table_pdf,R1_FRONTIERS_ORIGINAL_TEMPLATE_REVIEW_20260707/latex_original_frontiers_template/standalone_supplementary_tables/Supplementary_Table_10_TRIPOD_AI_checklist_standalone.pdf,True,100785,e320499c966d6ee88c15075bc0d4e18ad22d9a862f154a6cae1c3447fe83f6f2
standalone_supplementary_table_auxiliary,R1_FRONTIERS_ORIGINAL_TEMPLATE_REVIEW_20260707/latex_original_frontiers_template/standalone_supplementary_tables/Supplementary_Table_10_TRIPOD_AI_checklist_standalone.synctex.gz,True,40549,babcfdb42575a3e50a7ce11066de0e019168052d69400cd0e593dfc96224a718
standalone_supplementary_table_tex,R1_FRONTIERS_ORIGINAL_TEMPLATE_REVIEW_20260707/latex_original_frontiers_template/standalone_supplementary_tables/Supplementary_Table_10_TRIPOD_AI_checklist_standalone.tex,True,12116,c1ec92adba568e644b4ec754e26f52c704139268fa877ee72ed1ff1a9018b5d9
standalone_supplementary_table_auxiliary,R1_FRONTIERS_ORIGINAL_TEMPLATE_REVIEW_20260707/latex_original_frontiers_template/standalone_supplementary_tables/Supplementary_Table_11_transformer_hyperparameters_standalone.aux,True,527,76c90293ea2a4b3167ce8185dd159a7faf78b67a9f6bd42d36e5bacf37e41a5b
standalone_supplementary_table_auxiliary,R1_FRONTIERS_ORIGINAL_TEMPLATE_REVIEW_20260707/latex_original_frontiers_template/standalone_supplementary_tables/Supplementary_Table_11_transformer_hyperparameters_standalone.fdb_latexmk,True,8850,96d1d729edd612d941cc4fd457bbbc4b43e26ab56caf730bf774900536005583
standalone_supplementary_table_auxiliary,R1_FRONTIERS_ORIGINAL_TEMPLATE_REVIEW_20260707/latex_original_frontiers_template/standalone_supplementary_tables/Supplementary_Table_11_transformer_hyperparameters_standalone.fls,True,10513,b36f975caa448298d9c49acbd15219e6cbc9cd4a2a710cfb151afefcab24fcff
standalone_supplementary_table_auxiliary,R1_FRONTIERS_ORIGINAL_TEMPLATE_REVIEW_20260707/latex_original_frontiers_template/standalone_supplementary_tables/Supplementary_Table_11_transformer_hyperparameters_standalone.log,True,17268,daeb6df3ea2b8a7d9084e6ec0f0ccb1d477c1f627c22b5cf6d51d133f27cfb56
standalone_supplementary_table_auxiliary,R1_FRONTIERS_ORIGINAL_TEMPLATE_REVIEW_20260707/latex_original_frontiers_template/standalone_supplementary_tables/Supplementary_Table_11_transformer_hyperparameters_standalone.out,True,0,e3b0c44298fc1c149afbf4c8996fb92427ae41e4649b934ca495991b7852b855
standalone_supplementary_table_pdf,R1_FRONTIERS_ORIGINAL_TEMPLATE_REVIEW_20260707/latex_original_frontiers_template/standalone_supplementary_tables/Supplementary_Table_11_transformer_hyperparameters_standalone.pdf,True,92001,777d3387896c0cbed1789e38382efe06f6d0383315c7d4acdda47cf149b52f31
standalone_supplementary_table_auxiliary,R1_FRONTIERS_ORIGINAL_TEMPLATE_REVIEW_20260707/latex_original_frontiers_template/standalone_supplementary_tables/Supplementary_Table_11_transformer_hyperparameters_standalone.synctex.gz,True,20054,54974b25d5cf181e7d48103a143c04576f283db3131aa95ed5106fcbf08a9ff6
standalone_supplementary_table_tex,R1_FRONTIERS_ORIGINAL_TEMPLATE_REVIEW_20260707/latex_original_frontiers_template/standalone_supplementary_tables/Supplementary_Table_11_transformer_hyperparameters_standalone.tex,True,5483,1a0ae1747eece779510d12ce2a7ae17f0017ba23390006c2b98ed501768f2c0a
standalone_supplementary_table_auxiliary,R1_FRONTIERS_ORIGINAL_TEMPLATE_REVIEW_20260707/latex_original_frontiers_template/standalone_supplementary_tables/Supplementary_Table_1_datasets_and_cohort_scale_standalone.aux,True,1351,bb37e95a70526c993fa4551a5d84e89ded6ad7792853c2a0d1a69bd8097f2e46
standalone_supplementary_table_auxiliary,R1_FRONTIERS_ORIGINAL_TEMPLATE_REVIEW_20260707/latex_original_frontiers_template/standalone_supplementary_tables/Supplementary_Table_1_datasets_and_cohort_scale_standalone.fdb_latexmk,True,8687,40d1686c4a86265dc1622ab16e84f3872bfae0850f70e53f4d0f3eb2f84624d2
standalone_supplementary_table_auxiliary,R1_FRONTIERS_ORIGINAL_TEMPLATE_REVIEW_20260707/latex_original_frontiers_template/standalone_supplementary_tables/Supplementary_Table_1_datasets_and_cohort_scale_standalone.fls,True,10380,f750f7c0396339d7cb8decc5599cc63990422bc109a3639c382a609591cfe390
standalone_supplementary_table_auxiliary,R1_FRONTIERS_ORIGINAL_TEMPLATE_REVIEW_20260707/latex_original_frontiers_template/standalone_supplementary_tables/Supplementary_Table_1_datasets_and_cohort_scale_standalone.log,True,17998,bdec7c428ab513b5c666c456e54983f75277a2756a3c9d5f88c181097386ff13
standalone_supplementary_table_auxiliary,R1_FRONTIERS_ORIGINAL_TEMPLATE_REVIEW_20260707/latex_original_frontiers_template/standalone_supplementary_tables/Supplementary_Table_1_datasets_and_cohort_scale_standalone.out,True,0,e3b0c44298fc1c149afbf4c8996fb92427ae41e4649b934ca495991b7852b855
standalone_supplementary_table_pdf,R1_FRONTIERS_ORIGINAL_TEMPLATE_REVIEW_20260707/latex_original_frontiers_template/standalone_supplementary_tables/Supplementary_Table_1_datasets_and_cohort_scale_standalone.pdf,True,80508,ad81b85b4bc7d1e84e201b37b0728c98bae64f664cd4a753e8bd17c2bf0849a0
standalone_supplementary_table_auxiliary,R1_FRONTIERS_ORIGINAL_TEMPLATE_REVIEW_20260707/latex_original_frontiers_template/standalone_supplementary_tables/Supplementary_Table_1_datasets_and_cohort_scale_standalone.synctex.gz,True,18171,9db1b7f82207e50fc69c938100e306a56588898caee0abc94dad0b6ac23a3d6d
standalone_supplementary_table_tex,R1_FRONTIERS_ORIGINAL_TEMPLATE_REVIEW_20260707/latex_original_frontiers_template/standalone_supplementary_tables/Supplementary_Table_1_datasets_and_cohort_scale_standalone.tex,True,7091,20f60418c35c18367154de86c86fcbcc48955a73105bd45a29925b55c49b7f01
standalone_supplementary_table_auxiliary,R1_FRONTIERS_ORIGINAL_TEMPLATE_REVIEW_20260707/latex_original_frontiers_template/standalone_supplementary_tables/Supplementary_Table_2_model_performance_bootstrap_standalone.aux,True,971,b9d30220b4fe61e113945aa56b32f936a328b7e594864bff6623f3c1a002b582
standalone_supplementary_table_auxiliary,R1_FRONTIERS_ORIGINAL_TEMPLATE_REVIEW_20260707/latex_original_frontiers_template/standalone_supplementary_tables/Supplementary_Table_2_model_performance_bootstrap_standalone.fdb_latexmk,True,8707,1a3b6d4c0b5dede80a95bc2fd44b358ff41bf265758f6d94746af15ee13ba70c
standalone_supplementary_table_auxiliary,R1_FRONTIERS_ORIGINAL_TEMPLATE_REVIEW_20260707/latex_original_frontiers_template/standalone_supplementary_tables/Supplementary_Table_2_model_performance_bootstrap_standalone.fls,True,10414,63aeabc87b2f7da3bb73b444ecb90d34304edab02b3597eff597300fd0eba048
standalone_supplementary_table_auxiliary,R1_FRONTIERS_ORIGINAL_TEMPLATE_REVIEW_20260707/latex_original_frontiers_template/standalone_supplementary_tables/Supplementary_Table_2_model_performance_bootstrap_standalone.log,True,17607,e460816a47c1a655b6af0f331195d16cf48c23e25755e1374047cf17f76c3551
standalone_supplementary_table_auxiliary,R1_FRONTIERS_ORIGINAL_TEMPLATE_REVIEW_20260707/latex_original_frontiers_template/standalone_supplementary_tables/Supplementary_Table_2_model_performance_bootstrap_standalone.out,True,0,e3b0c44298fc1c149afbf4c8996fb92427ae41e4649b934ca495991b7852b855
standalone_supplementary_table_pdf,R1_FRONTIERS_ORIGINAL_TEMPLATE_REVIEW_20260707/latex_original_frontiers_template/standalone_supplementary_tables/Supplementary_Table_2_model_performance_bootstrap_standalone.pdf,True,76652,ac212ac03a6c897ac1964ad9ef01f998443ca895d531d620e3cedc4059335c60
standalone_supplementary_table_auxiliary,R1_FRONTIERS_ORIGINAL_TEMPLATE_REVIEW_20260707/latex_original_frontiers_template/standalone_supplementary_tables/Supplementary_Table_2_model_performance_bootstrap_standalone.synctex.gz,True,35066,34111bfce400e38d9977db002d673f80f44484e24ab2460f5497a5494c8cb030
standalone_supplementary_table_tex,R1_FRONTIERS_ORIGINAL_TEMPLATE_REVIEW_20260707/latex_original_frontiers_template/standalone_supplementary_tables/Supplementary_Table_2_model_performance_bootstrap_standalone.tex,True,9734,f2c4d52382e1214e26fcc60a5328497a4d2dbb30500818e4428805296fd93b0e
standalone_supplementary_table_auxiliary,R1_FRONTIERS_ORIGINAL_TEMPLATE_REVIEW_20260707/latex_original_frontiers_template/standalone_supplementary_tables/Supplementary_Table_3_bootstrap_model_differences_standalone.aux,True,945,78cdfd32bbf8d4f7daf34056db9343773fb1fcce22a4df494e35cc824e009986
standalone_supplementary_table_auxiliary,R1_FRONTIERS_ORIGINAL_TEMPLATE_REVIEW_20260707/latex_original_frontiers_template/standalone_supplementary_tables/Supplementary_Table_3_bootstrap_model_differences_standalone.fdb_latexmk,True,8707,2ee6d4a95a46814d9ea140eace9407ae4bbec0cec8cc04320dc02232d83ca8f2
standalone_supplementary_table_auxiliary,R1_FRONTIERS_ORIGINAL_TEMPLATE_REVIEW_20260707/latex_original_frontiers_template/standalone_supplementary_tables/Supplementary_Table_3_bootstrap_model_differences_standalone.fls,True,10414,9e3d516805b754d52de5c41e43ab8cf00e13c9a408f7702f8960430ba2ddcdfc
standalone_supplementary_table_auxiliary,R1_FRONTIERS_ORIGINAL_TEMPLATE_REVIEW_20260707/latex_original_frontiers_template/standalone_supplementary_tables/Supplementary_Table_3_bootstrap_model_differences_standalone.log,True,17585,cb0660764152ffd43accaba527fa204ddaf239e21c910a36a228f3ddfd6db629
standalone_supplementary_table_auxiliary,R1_FRONTIERS_ORIGINAL_TEMPLATE_REVIEW_20260707/latex_original_frontiers_template/standalone_supplementary_tables/Supplementary_Table_3_bootstrap_model_differences_standalone.out,True,0,e3b0c44298fc1c149afbf4c8996fb92427ae41e4649b934ca495991b7852b855
standalone_supplementary_table_pdf,R1_FRONTIERS_ORIGINAL_TEMPLATE_REVIEW_20260707/latex_original_frontiers_template/standalone_supplementary_tables/Supplementary_Table_3_bootstrap_model_differences_standalone.pdf,True,76770,f812e42e172642d844e8417865404ece44c43a5276c427a870d7bdf4dc8d68fe
standalone_supplementary_table_auxiliary,R1_FRONTIERS_ORIGINAL_TEMPLATE_REVIEW_20260707/latex_original_frontiers_template/standalone_supplementary_tables/Supplementary_Table_3_bootstrap_model_differences_standalone.synctex.gz,True,12927,a919f1d946e9949fec7885790da5808bb1c42beab2ba309ebfb07cdede689c26
standalone_supplementary_table_tex,R1_FRONTIERS_ORIGINAL_TEMPLATE_REVIEW_20260707/latex_original_frontiers_template/standalone_supplementary_tables/Supplementary_Table_3_bootstrap_model_differences_standalone.tex,True,4480,406b132adb7f8619f8e6d84f81d1d732edc4ba75091e2e90744403ec57f74d84
standalone_supplementary_table_auxiliary,R1_FRONTIERS_ORIGINAL_TEMPLATE_REVIEW_20260707/latex_original_frontiers_template/standalone_supplementary_tables/Supplementary_Table_4_dynamic_phenotype_summary_and_prototypes_standalone.aux,True,10853,9b7ed317363a2b2526fc97139387209180eb91cbe08a93d8454b8c3dd2dc9ede
standalone_supplementary_table_auxiliary,R1_FRONTIERS_ORIGINAL_TEMPLATE_REVIEW_20260707/latex_original_frontiers_template/standalone_supplementary_tables/Supplementary_Table_4_dynamic_phenotype_summary_and_prototypes_standalone.fdb_latexmk,True,9210,64622a2c35b7efebab8de966507419756bb661b8f6c3da3dae0b4257ab3e6478
standalone_supplementary_table_auxiliary,R1_FRONTIERS_ORIGINAL_TEMPLATE_REVIEW_20260707/latex_original_frontiers_template/standalone_supplementary_tables/Supplementary_Table_4_dynamic_phenotype_summary_and_prototypes_standalone.fls,True,11058,d9a97f24a869f6d004f3b89692ef169de11cc084afd276272790efa114cae184
standalone_supplementary_table_auxiliary,R1_FRONTIERS_ORIGINAL_TEMPLATE_REVIEW_20260707/latex_original_frontiers_template/standalone_supplementary_tables/Supplementary_Table_4_dynamic_phenotype_summary_and_prototypes_standalone.log,True,27791,4cc3cd9dec414c0f14ae12b4504255402d9749a9bae5331297d2e056c9d7076e
standalone_supplementary_table_auxiliary,R1_FRONTIERS_ORIGINAL_TEMPLATE_REVIEW_20260707/latex_original_frontiers_template/standalone_supplementary_tables/Supplementary_Table_4_dynamic_phenotype_summary_and_prototypes_standalone.out,True,0,e3b0c44298fc1c149afbf4c8996fb92427ae41e4649b934ca495991b7852b855
standalone_supplementary_table_pdf,R1_FRONTIERS_ORIGINAL_TEMPLATE_REVIEW_20260707/latex_original_frontiers_template/standalone_supplementary_tables/Supplementary_Table_4_dynamic_phenotype_summary_and_prototypes_standalone.pdf,True,98688,e4fe88966ca47c1bc0324d8bb7669922f742abca25f71571195cc73518c6dafc
standalone_supplementary_table_auxiliary,R1_FRONTIERS_ORIGINAL_TEMPLATE_REVIEW_20260707/latex_original_frontiers_template/standalone_supplementary_tables/Supplementary_Table_4_dynamic_phenotype_summary_and_prototypes_standalone.synctex.gz,True,55890,9a6530543a84b534912c0ef1f790ba29c5f401cd3a4a76563edb485e9191ef54
standalone_supplementary_table_tex,R1_FRONTIERS_ORIGINAL_TEMPLATE_REVIEW_20260707/latex_original_frontiers_template/standalone_supplementary_tables/Supplementary_Table_4_dynamic_phenotype_summary_and_prototypes_standalone.tex,True,27587,53af6e315791b04295bf82a37855bb1a478758a68e2b7b16d593d3ba9b7d9f52
standalone_supplementary_table_auxiliary,R1_FRONTIERS_ORIGINAL_TEMPLATE_REVIEW_20260707/latex_original_frontiers_template/standalone_supplementary_tables/Supplementary_Table_5_prediction_explainability_standalone.aux,True,2387,fe5c9f1154ac3d357a038ef69144cad7bc82606a25f109cbe74efc42d740c884
standalone_supplementary_table_auxiliary,R1_FRONTIERS_ORIGINAL_TEMPLATE_REVIEW_20260707/latex_original_frontiers_template/standalone_supplementary_tables/Supplementary_Table_5_prediction_explainability_standalone.fdb_latexmk,True,8688,ffaae65367e97a9a36f294ceb555558dd9ddfb95d588e2fdee6f991f77ebb345
standalone_supplementary_table_auxiliary,R1_FRONTIERS_ORIGINAL_TEMPLATE_REVIEW_20260707/latex_original_frontiers_template/standalone_supplementary_tables/Supplementary_Table_5_prediction_explainability_standalone.fls,True,10452,e4f4d86c53b0472d6da3e3486dc42917b119192d018f1a4a7f57337d44128f36
standalone_supplementary_table_auxiliary,R1_FRONTIERS_ORIGINAL_TEMPLATE_REVIEW_20260707/latex_original_frontiers_template/standalone_supplementary_tables/Supplementary_Table_5_prediction_explainability_standalone.log,True,18875,1c4073d9b65a4bcbe4b6663baa34206980b058c726ec02730e64095a4177fce4
standalone_supplementary_table_auxiliary,R1_FRONTIERS_ORIGINAL_TEMPLATE_REVIEW_20260707/latex_original_frontiers_template/standalone_supplementary_tables/Supplementary_Table_5_prediction_explainability_standalone.out,True,0,e3b0c44298fc1c149afbf4c8996fb92427ae41e4649b934ca495991b7852b855
standalone_supplementary_table_pdf,R1_FRONTIERS_ORIGINAL_TEMPLATE_REVIEW_20260707/latex_original_frontiers_template/standalone_supplementary_tables/Supplementary_Table_5_prediction_explainability_standalone.pdf,True,81852,fd46b98c54e7d0422fba3f560eba93f14b6a9b7411969adac7be7da239c427e0
standalone_supplementary_table_auxiliary,R1_FRONTIERS_ORIGINAL_TEMPLATE_REVIEW_20260707/latex_original_frontiers_template/standalone_supplementary_tables/Supplementary_Table_5_prediction_explainability_standalone.synctex.gz,True,57754,9ab27a17019ce5b85bfd3ced4ef76de013b5557a1c2e51fc573c14efcd9bc48e
standalone_supplementary_table_tex,R1_FRONTIERS_ORIGINAL_TEMPLATE_REVIEW_20260707/latex_original_frontiers_template/standalone_supplementary_tables/Supplementary_Table_5_prediction_explainability_standalone.tex,True,16860,37ec724dbfbdeb5344e2bc99f6a889fbb27bc18740e4cf9acd4ec38845bedfb8
standalone_supplementary_table_auxiliary,R1_FRONTIERS_ORIGINAL_TEMPLATE_REVIEW_20260707/latex_original_frontiers_template/standalone_supplementary_tables/Supplementary_Table_6_missingness_sensitivity_standalone.aux,True,1942,0dfcbd9b0a43d9eb3c7081fb9ec8a235d80e42803d3aa43c4aa9ea59ab249644
standalone_supplementary_table_auxiliary,R1_FRONTIERS_ORIGINAL_TEMPLATE_REVIEW_20260707/latex_original_frontiers_template/standalone_supplementary_tables/Supplementary_Table_6_missingness_sensitivity_standalone.fdb_latexmk,True,8667,d658d25fc11eb5ca3d55891920324ae23739972ce34677152f200d3723ab775b
standalone_supplementary_table_auxiliary,R1_FRONTIERS_ORIGINAL_TEMPLATE_REVIEW_20260707/latex_original_frontiers_template/standalone_supplementary_tables/Supplementary_Table_6_missingness_sensitivity_standalone.fls,True,10418,a025d5d15bc640747a6ef866db749bfbb7bcd2ce1aba5cccd2f5b72671b77e7d
standalone_supplementary_table_auxiliary,R1_FRONTIERS_ORIGINAL_TEMPLATE_REVIEW_20260707/latex_original_frontiers_template/standalone_supplementary_tables/Supplementary_Table_6_missingness_sensitivity_standalone.log,True,18439,0cb2afb57bedb547965e354c455228643d64b7801ad56672398fd6d8eee24dc8
standalone_supplementary_table_auxiliary,R1_FRONTIERS_ORIGINAL_TEMPLATE_REVIEW_20260707/latex_original_frontiers_template/standalone_supplementary_tables/Supplementary_Table_6_missingness_sensitivity_standalone.out,True,0,e3b0c44298fc1c149afbf4c8996fb92427ae41e4649b934ca495991b7852b855
standalone_supplementary_table_pdf,R1_FRONTIERS_ORIGINAL_TEMPLATE_REVIEW_20260707/latex_original_frontiers_template/standalone_supplementary_tables/Supplementary_Table_6_missingness_sensitivity_standalone.pdf,True,79057,0ada8c9c7795e30c800b1d4c006866e68ad1cef5e63bb71fcd925214c95ade08
standalone_supplementary_table_auxiliary,R1_FRONTIERS_ORIGINAL_TEMPLATE_REVIEW_20260707/latex_original_frontiers_template/standalone_supplementary_tables/Supplementary_Table_6_missingness_sensitivity_standalone.synctex.gz,True,38654,8a7498bbb1bc6153107f911ad07af7936cba93f3c360effc671efba86001e590
standalone_supplementary_table_tex,R1_FRONTIERS_ORIGINAL_TEMPLATE_REVIEW_20260707/latex_original_frontiers_template/standalone_supplementary_tables/Supplementary_Table_6_missingness_sensitivity_standalone.tex,True,12850,5a1e4d55cb4f69bdf3a49934891893d57a196c58525ffa9590a55b94d372071c
standalone_supplementary_table_auxiliary,R1_FRONTIERS_ORIGINAL_TEMPLATE_REVIEW_20260707/latex_original_frontiers_template/standalone_supplementary_tables/Supplementary_Table_7_recalibration_and_decision_curve_standalone.aux,True,2343,5662cc87ff109d3e417b544905481fb6c33e6d57933cad4dfc3f954c404bbb0d
standalone_supplementary_table_auxiliary,R1_FRONTIERS_ORIGINAL_TEMPLATE_REVIEW_20260707/latex_original_frontiers_template/standalone_supplementary_tables/Supplementary_Table_7_recalibration_and_decision_curve_standalone.fdb_latexmk,True,8890,4fd7f289d98c73515b9d6629a3aa5a92bdb61cfd1301241b6b42e6abf61bcb12
standalone_supplementary_table_auxiliary,R1_FRONTIERS_ORIGINAL_TEMPLATE_REVIEW_20260707/latex_original_frontiers_template/standalone_supplementary_tables/Supplementary_Table_7_recalibration_and_decision_curve_standalone.fls,True,10653,3bed1cf9f619481e263038938e4fe55447aa2cac194e0c590797f522d2aeef46
standalone_supplementary_table_auxiliary,R1_FRONTIERS_ORIGINAL_TEMPLATE_REVIEW_20260707/latex_original_frontiers_template/standalone_supplementary_tables/Supplementary_Table_7_recalibration_and_decision_curve_standalone.log,True,19040,27154bb56d507f7e6614632a3ccbef83e130601a7967b7a08785861d716b8812
standalone_supplementary_table_auxiliary,R1_FRONTIERS_ORIGINAL_TEMPLATE_REVIEW_20260707/latex_original_frontiers_template/standalone_supplementary_tables/Supplementary_Table_7_recalibration_and_decision_curve_standalone.out,True,0,e3b0c44298fc1c149afbf4c8996fb92427ae41e4649b934ca495991b7852b855
standalone_supplementary_table_pdf,R1_FRONTIERS_ORIGINAL_TEMPLATE_REVIEW_20260707/latex_original_frontiers_template/standalone_supplementary_tables/Supplementary_Table_7_recalibration_and_decision_curve_standalone.pdf,True,98322,9b8a8e19df72bf3ce41ecee9da6f967540d2248b548ac81dfd7fe60f21645f03
standalone_supplementary_table_auxiliary,R1_FRONTIERS_ORIGINAL_TEMPLATE_REVIEW_20260707/latex_original_frontiers_template/standalone_supplementary_tables/Supplementary_Table_7_recalibration_and_decision_curve_standalone.synctex.gz,True,85916,8dcfe547030af2f3099df0eb27c515bd5d098baab9c45442a0c4f42885a2caf4
standalone_supplementary_table_tex,R1_FRONTIERS_ORIGINAL_TEMPLATE_REVIEW_20260707/latex_original_frontiers_template/standalone_supplementary_tables/Supplementary_Table_7_recalibration_and_decision_curve_standalone.tex,True,26533,153515e6862dd683f9f06566a7c568a7c0f9128fba3c19206ef530a32e76e766
standalone_supplementary_table_auxiliary,R1_FRONTIERS_ORIGINAL_TEMPLATE_REVIEW_20260707/latex_original_frontiers_template/standalone_supplementary_tables/Supplementary_Table_8_external_representation_validation_standalone.aux,True,829,1c4ad8a3b2edf1ba8be26fc3505243fb755e47d7768bd226bda93f18a0ddb138
standalone_supplementary_table_auxiliary,R1_FRONTIERS_ORIGINAL_TEMPLATE_REVIEW_20260707/latex_original_frontiers_template/standalone_supplementary_tables/Supplementary_Table_8_external_representation_validation_standalone.fdb_latexmk,True,8776,a4c6fabc8eb7914b5f6f23d2811ce59c4d1a8e7e47915b0471de35d21bae40a8
standalone_supplementary_table_auxiliary,R1_FRONTIERS_ORIGINAL_TEMPLATE_REVIEW_20260707/latex_original_frontiers_template/standalone_supplementary_tables/Supplementary_Table_8_external_representation_validation_standalone.fls,True,10605,58c30460222e6bb0a0a4f0a4d2d314aa714a3e71458baeefcb3430ec0eebe57f
standalone_supplementary_table_auxiliary,R1_FRONTIERS_ORIGINAL_TEMPLATE_REVIEW_20260707/latex_original_frontiers_template/standalone_supplementary_tables/Supplementary_Table_8_external_representation_validation_standalone.log,True,17588,84d5f9e84c0380e7964c84d37acca2ca4053b288ed76b31542614a166547dbb7
standalone_supplementary_table_auxiliary,R1_FRONTIERS_ORIGINAL_TEMPLATE_REVIEW_20260707/latex_original_frontiers_template/standalone_supplementary_tables/Supplementary_Table_8_external_representation_validation_standalone.out,True,0,e3b0c44298fc1c149afbf4c8996fb92427ae41e4649b934ca495991b7852b855
standalone_supplementary_table_pdf,R1_FRONTIERS_ORIGINAL_TEMPLATE_REVIEW_20260707/latex_original_frontiers_template/standalone_supplementary_tables/Supplementary_Table_8_external_representation_validation_standalone.pdf,True,78994,e968699b71e01e64021358561894657a3787d9519eddf997a34d6cacc8d4ae67
standalone_supplementary_table_auxiliary,R1_FRONTIERS_ORIGINAL_TEMPLATE_REVIEW_20260707/latex_original_frontiers_template/standalone_supplementary_tables/Supplementary_Table_8_external_representation_validation_standalone.synctex.gz,True,7095,6b4e059f67b099b2ad40323d190140e5304a29987523146c83f1b0c67a3b4958
standalone_supplementary_table_tex,R1_FRONTIERS_ORIGINAL_TEMPLATE_REVIEW_20260707/latex_original_frontiers_template/standalone_supplementary_tables/Supplementary_Table_8_external_representation_validation_standalone.tex,True,2738,3b82f82bf55b3c015c657b3dc76342a9c20b2cc6181c7c6a8e4a9345a9568008
standalone_supplementary_table_auxiliary,R1_FRONTIERS_ORIGINAL_TEMPLATE_REVIEW_20260707/latex_original_frontiers_template/standalone_supplementary_tables/Supplementary_Table_9_reviewer_sensitivity_analyses_standalone.aux,True,6635,b07110f2010c3a2140d89ddd48824aa03e0ddf2d8d08e5444ae6d8858a1d9025
standalone_supplementary_table_auxiliary,R1_FRONTIERS_ORIGINAL_TEMPLATE_REVIEW_20260707/latex_original_frontiers_template/standalone_supplementary_tables/Supplementary_Table_9_reviewer_sensitivity_analyses_standalone.fdb_latexmk,True,8728,c66fd2929b53a5b9de56cd52f59567f2bddff55e3bc383543dc48ebf90d2dddc
standalone_supplementary_table_auxiliary,R1_FRONTIERS_ORIGINAL_TEMPLATE_REVIEW_20260707/latex_original_frontiers_template/standalone_supplementary_tables/Supplementary_Table_9_reviewer_sensitivity_analyses_standalone.fls,True,10520,a6f56bc1d051b8e33d85ff7ee7246a3fcffdbb4a9ff69fb9c22b7938b8159b21
standalone_supplementary_table_auxiliary,R1_FRONTIERS_ORIGINAL_TEMPLATE_REVIEW_20260707/latex_original_frontiers_template/standalone_supplementary_tables/Supplementary_Table_9_reviewer_sensitivity_analyses_standalone.log,True,22852,6857e91efe007848b2421a00e0b696fd81f86e886544eb5b3b58a47af6c32467
standalone_supplementary_table_auxiliary,R1_FRONTIERS_ORIGINAL_TEMPLATE_REVIEW_20260707/latex_original_frontiers_template/standalone_supplementary_tables/Supplementary_Table_9_reviewer_sensitivity_analyses_standalone.out,True,0,e3b0c44298fc1c149afbf4c8996fb92427ae41e4649b934ca495991b7852b855
standalone_supplementary_table_pdf,R1_FRONTIERS_ORIGINAL_TEMPLATE_REVIEW_20260707/latex_original_frontiers_template/standalone_supplementary_tables/Supplementary_Table_9_reviewer_sensitivity_analyses_standalone.pdf,True,92606,c8ae231c7029dab0669a56fc7a04eec667d7cc3ad39f3f4a09787e5c763b388d
standalone_supplementary_table_auxiliary,R1_FRONTIERS_ORIGINAL_TEMPLATE_REVIEW_20260707/latex_original_frontiers_template/standalone_supplementary_tables/Supplementary_Table_9_reviewer_sensitivity_analyses_standalone.synctex.gz,True,52636,c674909d97d554ff5ff4508cf821ce843d43774ea9f38542485e74601479bfbd
standalone_supplementary_table_tex,R1_FRONTIERS_ORIGINAL_TEMPLATE_REVIEW_20260707/latex_original_frontiers_template/standalone_supplementary_tables/Supplementary_Table_9_reviewer_sensitivity_analyses_standalone.tex,True,21924,dd568413cc7ef572deda22500f6d83b3ce0ef8663d0e05a9dfd0450ba7030acb
standalone_supplementary_table_auxiliary,R1_FRONTIERS_ORIGINAL_TEMPLATE_REVIEW_20260707/latex_original_frontiers_template/standalone_supplementary_tables/_standalone_tables_compile_run.log,True,197541,c5d24247a774db97878788e61db92aaf363ef8303eb95c2ac68b516ca0d483f0
standalone_supplementary_table_auxiliary,R1_FRONTIERS_ORIGINAL_TEMPLATE_REVIEW_20260707/latex_original_frontiers_template/standalone_supplementary_tables/compile_1.log,True,30928,a19db36392fb0cf5e4e2b45a5c6bb0fcbde5ec983d8914d21583435fd29e96e4
standalone_supplementary_table_auxiliary,R1_FRONTIERS_ORIGINAL_TEMPLATE_REVIEW_20260707/latex_original_frontiers_template/standalone_supplementary_tables/compile_10.log,True,29508,fe4a355f5d4fdb4a84888b2bbe820f151cccb5850152fdf56f5c33a6c18278d4
standalone_supplementary_table_auxiliary,R1_FRONTIERS_ORIGINAL_TEMPLATE_REVIEW_20260707/latex_original_frontiers_template/standalone_supplementary_tables/compile_11.log,True,49816,1754e58b118d90525ff533fee3cd0e87c818a6866d6cd60e7cdaf8688c7fd739
standalone_supplementary_table_auxiliary,R1_FRONTIERS_ORIGINAL_TEMPLATE_REVIEW_20260707/latex_original_frontiers_template/standalone_supplementary_tables/compile_2.log,True,27724,5d5a612ad1022d32553376365a30466bd1b25442bdaa723b158d8e09449fbf91
standalone_supplementary_table_auxiliary,R1_FRONTIERS_ORIGINAL_TEMPLATE_REVIEW_20260707/latex_original_frontiers_template/standalone_supplementary_tables/compile_3.log,True,28168,fc3b5b33c33c76eb794df5a85c60aced340351cb0c1bfc1d17d0c316252975c4
standalone_supplementary_table_auxiliary,R1_FRONTIERS_ORIGINAL_TEMPLATE_REVIEW_20260707/latex_original_frontiers_template/standalone_supplementary_tables/compile_4.log,True,29456,eb867576024c416d9e6fefcdfde4e19a079f4c16e11ef89e03644d9b08476029
standalone_supplementary_table_auxiliary,R1_FRONTIERS_ORIGINAL_TEMPLATE_REVIEW_20260707/latex_original_frontiers_template/standalone_supplementary_tables/compile_5.log,True,29368,05ec784594478358fce16ab733b12c37fbe9f14fed2d8e6e767ef09d95c17ed7
standalone_supplementary_table_auxiliary,R1_FRONTIERS_ORIGINAL_TEMPLATE_REVIEW_20260707/latex_original_frontiers_template/standalone_supplementary_tables/compile_6.log,True,68094,ef5dcf2a8774657924a8e23c169a524c8417c7a7e2da4956e13299f2f619ad78
standalone_supplementary_table_auxiliary,R1_FRONTIERS_ORIGINAL_TEMPLATE_REVIEW_20260707/latex_original_frontiers_template/standalone_supplementary_tables/compile_7.log,True,34324,da6d2bb210238e785789edea5693a4f924317ff103108d0877f5e1ad54190414
standalone_supplementary_table_auxiliary,R1_FRONTIERS_ORIGINAL_TEMPLATE_REVIEW_20260707/latex_original_frontiers_template/standalone_supplementary_tables/compile_8.log,True,32592,4c2ea81d990df96e2380ef9d908dadbdb1e8abe755829232064893ea7809977b
standalone_supplementary_table_auxiliary,R1_FRONTIERS_ORIGINAL_TEMPLATE_REVIEW_20260707/latex_original_frontiers_template/standalone_supplementary_tables/compile_9.log,True,35120,a10501753f60d158aff8abc9feaddff0b0eb8911e2b8ad9e342ba25c6839246f
standalone_supplementary_table_source,R1_FRONTIERS_ORIGINAL_TEMPLATE_REVIEW_20260707/latex_original_frontiers_template/standalone_supplementary_tables/source_tables/Supplementary_Table_10_TRIPOD_AI_checklist.csv,True,8255,d7054b299f5cc2f94a3b4d8bedf8b914a23de6834294a74971a6a7ee2fb579f2
standalone_supplementary_table_source,R1_FRONTIERS_ORIGINAL_TEMPLATE_REVIEW_20260707/latex_original_frontiers_template/standalone_supplementary_tables/source_tables/Supplementary_Table_11_transformer_hyperparameters.csv,True,2811,8bb2f1711fdc14cb4513718643bbb8aa28298cb5aa63860217cbec5b9d421383
standalone_supplementary_table_source,R1_FRONTIERS_ORIGINAL_TEMPLATE_REVIEW_20260707/latex_original_frontiers_template/standalone_supplementary_tables/source_tables/Supplementary_Table_1_datasets_and_cohort_scale.csv,True,1655,5179509af0d4107c59c006bde76c5e56371ec5e4cc42801bc0722079e2ec15e3
standalone_supplementary_table_source,R1_FRONTIERS_ORIGINAL_TEMPLATE_REVIEW_20260707/latex_original_frontiers_template/standalone_supplementary_tables/source_tables/Supplementary_Table_2_model_performance_bootstrap.csv,True,4637,c83bd593bd7ffa2672cb1b07a064c53d69aa25385b4b2fab0bfe4b6eba06ce96
standalone_supplementary_table_source,R1_FRONTIERS_ORIGINAL_TEMPLATE_REVIEW_20260707/latex_original_frontiers_template/standalone_supplementary_tables/source_tables/Supplementary_Table_3_bootstrap_model_differences.csv,True,1218,e253193805683103f94ce8eb77a6e5971e53b4dbdfb297ee26624725a3cfe725
standalone_supplementary_table_source,R1_FRONTIERS_ORIGINAL_TEMPLATE_REVIEW_20260707/latex_original_frontiers_template/standalone_supplementary_tables/source_tables/Supplementary_Table_4_dynamic_phenotype_summary_and_prototypes.csv,True,3077,66dc52959aa7c10e83043b3a3ffe40d3b087f9c3bf803e8dc9545624d71a58b2
standalone_supplementary_table_source,R1_FRONTIERS_ORIGINAL_TEMPLATE_REVIEW_20260707/latex_original_frontiers_template/standalone_supplementary_tables/source_tables/Supplementary_Table_5_prediction_explainability.csv,True,8692,560e5c301cb0996a705ffb1f7ecf77726e9cd194f960a7542833ac8efd4662e0
standalone_supplementary_table_source,R1_FRONTIERS_ORIGINAL_TEMPLATE_REVIEW_20260707/latex_original_frontiers_template/standalone_supplementary_tables/source_tables/Supplementary_Table_6_missingness_sensitivity.csv,True,6800,a8be1ea24983ea04055a569e45087ac732e148d607aec5a48e9714a0d8b8e6a6
standalone_supplementary_table_source,R1_FRONTIERS_ORIGINAL_TEMPLATE_REVIEW_20260707/latex_original_frontiers_template/standalone_supplementary_tables/source_tables/Supplementary_Table_7_recalibration_and_decision_curve.csv,True,17794,2e48c546cd79053c269f8247f6173ee946448e2868279f025c1786d3fd2d5c17
standalone_supplementary_table_source,R1_FRONTIERS_ORIGINAL_TEMPLATE_REVIEW_20260707/latex_original_frontiers_template/standalone_supplementary_tables/source_tables/Supplementary_Table_8_external_representation_validation.csv,True,739,cd42c3da205d859c0931517e9808276397dd7688f16c68d35ebc0db19c6c5f6d
standalone_supplementary_table_source,R1_FRONTIERS_ORIGINAL_TEMPLATE_REVIEW_20260707/latex_original_frontiers_template/standalone_supplementary_tables/source_tables/Supplementary_Table_9_reviewer_sensitivity_analyses.csv,True,6216,3b06bdfce28ae5f428f9b35a655eacd7d3702ffc18135071f3bbbee289ca1689
standalone_supplementary_table_source,R1_FRONTIERS_ORIGINAL_TEMPLATE_REVIEW_20260707/latex_original_frontiers_template/standalone_supplementary_tables/source_tables/Supplementary_Tables_CTGFHT.xlsx,True,50428,d6d9eb792e6515f791398418c2416281e578b47897edb104dbf1f63424dc568d
standalone_supplementary_table_source,R1_FRONTIERS_ORIGINAL_TEMPLATE_REVIEW_20260707/latex_original_frontiers_template/standalone_supplementary_tables/source_tables/Supplementary_Tables_Index.csv,True,1827,67a3fa5269c045d6a3cb85af30a7fc26b9f1c98d54930648bb411ff19ec9bc11
