seed,fold,encoder_route,input_variant,evaluation_set,auprc,auroc,brier,ece,calibration_intercept,calibration_slope,n_train,n_validation,events_train,events_validation,n_predictors,events_per_predictor
20260521,1,random,full,development_oof,0.356839392293823,0.6053013798111837,0.22587708670003037,0.2054449696066207,-1.1869720558048327,0.2916690259919765,257,129,52,27,15,3.466666666666667
20260521,1,jnu_only,full,development_oof,0.32524456233724863,0.625998547567175,0.23146282055583198,0.2189975138865704,-1.2144575967926758,0.3434461836352405,257,129,52,27,15,3.466666666666667
20260521,1,jnu_asymmetric,full,development_oof,0.3518887964613873,0.5809731299927378,0.23900643025568155,0.2411670864471571,-1.2370306984473227,0.25825367430919677,257,129,52,27,15,3.466666666666667
20260521,1,ctu_only,full,development_oof,0.33892644660728377,0.6289034132171386,0.2312858418702324,0.20937493844997368,-1.1915877510098527,0.3236592517047757,257,129,52,27,15,3.466666666666667
20260521,1,jnu_to_ctu,full,development_oof,0.34074548795485277,0.621278140885984,0.23133415747628377,0.21521143671229181,-1.218205490875551,0.35196144693499704,257,129,52,27,15,3.466666666666667
20260521,1,ctu_only,fhr_only,development_sensitivity,0.3448124750292964,0.6016702977487292,0.2414927305363779,0.22704377700963124,-1.2042698884828484,0.2231780780556412,257,129,52,27,15,3.466666666666667
20260521,1,ctu_only,uc_only,development_sensitivity,0.3571684692723406,0.620551924473493,0.22087664753304395,0.20951633851280752,-1.1905461616144468,0.4258154867292002,257,129,52,27,15,3.466666666666667
20260521,1,ctu_only,one_hz,development_sensitivity,0.3250089224872049,0.6394335511982571,0.22593093917030949,0.21087546789942055,-1.1737924925389354,0.3596397995944025,257,129,52,27,15,3.466666666666667
20260521,1,jnu_to_ctu,fhr_only,development_sensitivity,0.3324478592191128,0.6107480029048656,0.23164539655493646,0.24550051101910764,-1.1923114931965486,0.2776254339819202,257,129,52,27,15,3.466666666666667
20260521,1,jnu_to_ctu,uc_only,development_sensitivity,0.3350821809379684,0.5969498910675382,0.22631367395495852,0.20781390985758366,-1.2111465565740818,0.32197410745455024,257,129,52,27,15,3.466666666666667
20260521,1,jnu_to_ctu,one_hz,development_sensitivity,0.3483063544224216,0.6263616557734204,0.2313897603762255,0.2176928679628115,-1.2152174371769437,0.3486454664129886,257,129,52,27,15,3.466666666666667
20260521,2,random,full,development_oof,0.5535387047404865,0.7725914861837193,0.18515421488237746,0.22948522979476754,-1.3613433246108344,1.1004594351027188,257,129,53,26,15,3.533333333333333
20260521,2,jnu_only,full,development_oof,0.5161324406069533,0.7628827483196414,0.1899019118838605,0.22557432395800822,-1.3336862052257628,0.9976910178232491,257,129,53,26,15,3.533333333333333
20260521,2,jnu_asymmetric,full,development_oof,0.516528336941545,0.7117251680358477,0.19835418318258338,0.22196806688177942,-1.283229949597014,0.8373031786799323,257,129,53,26,15,3.533333333333333
20260521,2,ctu_only,full,development_oof,0.5551222136579822,0.7591486183719194,0.18765752109271344,0.23365488866315476,-1.3439666969972024,0.9280362664565333,257,129,53,26,15,3.533333333333333
20260521,2,jnu_to_ctu,full,development_oof,0.5093301514812656,0.7412247946228527,0.19497514530147536,0.22575628964977193,-1.3063265286898744,0.9408275536141034,257,129,53,26,15,3.533333333333333
20260521,2,ctu_only,fhr_only,development_sensitivity,0.5469676526012078,0.7826736370425691,0.18322861600018664,0.22547824359939364,-1.3737946294747059,1.047166533984439,257,129,53,26,15,3.533333333333333
20260521,2,ctu_only,uc_only,development_sensitivity,0.5142909254393093,0.7094846900672144,0.194692820038648,0.2223363850080497,-1.2528295007485786,0.8034589160367849,257,129,53,26,15,3.533333333333333
20260521,2,ctu_only,one_hz,development_sensitivity,0.5540662066759745,0.7714712471994024,0.18535346435934627,0.2258869180453685,-1.3675154903375126,1.0019925253823734,257,129,53,26,15,3.533333333333333
20260521,2,jnu_to_ctu,fhr_only,development_sensitivity,0.5501612093845206,0.7916355489171022,0.18028287305365504,0.22338695882456178,-1.3191991639428753,1.0319525811046177,257,129,53,26,15,3.533333333333333
20260521,2,jnu_to_ctu,uc_only,development_sensitivity,0.5686068548510256,0.727781926811053,0.19348196340964077,0.22918414063661596,-1.3061012777744916,1.0341802513695277,257,129,53,26,15,3.533333333333333
20260521,2,jnu_to_ctu,one_hz,development_sensitivity,0.5013218037971642,0.7404779686333085,0.19626336193127386,0.22743030853551113,-1.3188878446518724,0.932813616868345,257,129,53,26,15,3.533333333333333
20260521,3,random,full,development_oof,0.26202185942575673,0.5987933634992458,0.24960561906100398,0.2776749496234405,-1.328705376446395,0.2810541737746752,258,128,53,26,15,3.533333333333333
20260521,3,jnu_only,full,development_oof,0.32032617170691885,0.6534690799396682,0.22552555460033108,0.24505248473345148,-1.3138400922167128,0.5962869607830865,258,128,53,26,15,3.533333333333333
20260521,3,jnu_asymmetric,full,development_oof,0.31320986628900094,0.5976621417797888,0.2431070002400267,0.26134323086406686,-1.3376966369899486,0.43083183221054894,258,128,53,26,15,3.533333333333333
20260521,3,ctu_only,full,development_oof,0.29954582166681665,0.6406485671191554,0.23027927023922273,0.23711149205238144,-1.3054961530628695,0.4500991521635549,258,128,53,26,15,3.533333333333333
20260521,3,jnu_to_ctu,full,development_oof,0.3176196119086057,0.6259426847662142,0.2359908317043343,0.25390506765201726,-1.3367931551511367,0.5270799730093263,258,128,53,26,15,3.533333333333333
20260521,3,ctu_only,fhr_only,development_sensitivity,0.31059167218711686,0.6402714932126696,0.2313743886700374,0.2366195760808318,-1.293210892080926,0.38787880110117623,258,128,53,26,15,3.533333333333333
20260521,3,ctu_only,uc_only,development_sensitivity,0.2846237765301736,0.5901206636500754,0.2489509194701523,0.2585102954859979,-1.3385711926480597,0.33894713416968275,258,128,53,26,15,3.533333333333333
20260521,3,ctu_only,one_hz,development_sensitivity,0.30386273684862647,0.6655354449472096,0.22379650179095986,0.23119872527260493,-1.297031519301265,0.49279853538055124,258,128,53,26,15,3.533333333333333
20260521,3,jnu_to_ctu,fhr_only,development_sensitivity,0.2929299905431948,0.6229260935143288,0.23480930242209835,0.23556774172589354,-1.3092514630870142,0.406271803281501,258,128,53,26,15,3.533333333333333
20260521,3,jnu_to_ctu,uc_only,development_sensitivity,0.2869195534859614,0.6229260935143288,0.2471497028437471,0.2704264438025045,-1.368611354875672,0.46334056785459454,258,128,53,26,15,3.533333333333333
20260521,3,jnu_to_ctu,one_hz,development_sensitivity,0.3134062254673299,0.6315987933634992,0.23296384130265146,0.25029738912928035,-1.329102878645792,0.5435759111230262,258,128,53,26,15,3.533333333333333
20260522,1,random,full,development_oof,0.3100645044953029,0.5733478576615832,0.23711341175187017,0.22445357123391443,-1.2116158537767574,0.20647649048197853,257,129,52,27,15,3.466666666666667
20260522,1,jnu_only,full,development_oof,0.31555483159014286,0.6209150326797386,0.2305469544969754,0.20963035329966737,-1.214972207790594,0.3506682264773158,257,129,52,27,15,3.466666666666667
20260522,1,jnu_asymmetric,full,development_oof,0.3608386180268919,0.6034858387799564,0.2280868698286438,0.20653146892366206,-1.2121161108781995,0.34019418806635865,257,129,52,27,15,3.466666666666667
20260522,1,ctu_only,full,development_oof,0.368439503523174,0.6332607116920842,0.22384561045064585,0.21288250063567346,-1.1755157432394652,0.3882494961608447,257,129,52,27,15,3.466666666666667
20260522,1,jnu_to_ctu,full,development_oof,0.30988474803392807,0.6343500363108207,0.2304019984974293,0.21105896923419945,-1.21371665274221,0.36222157342649447,257,129,52,27,15,3.466666666666667
20260522,1,ctu_only,fhr_only,development_sensitivity,0.3360794289643616,0.6227305737109659,0.22796533455855295,0.2306204412622013,-1.1699882163850523,0.337189665662276,257,129,52,27,15,3.466666666666667
20260522,1,ctu_only,uc_only,development_sensitivity,0.31917098776772623,0.6136528685548294,0.2280091041858467,0.203781735293038,-1.2121589014797403,0.3523386595728645,257,129,52,27,15,3.466666666666667
20260522,1,ctu_only,one_hz,development_sensitivity,0.34762084734983534,0.6347131445170661,0.22318770279884048,0.2248587452533325,-1.1749839897354848,0.3713589783348612,257,129,52,27,15,3.466666666666667
20260522,1,jnu_to_ctu,fhr_only,development_sensitivity,0.28215084060429096,0.5646332607116921,0.2520884843835225,0.26223479423896595,-1.246544738615106,0.12231348238482759,257,129,52,27,15,3.466666666666667
20260522,1,jnu_to_ctu,uc_only,development_sensitivity,0.3445335730947079,0.5933188090050835,0.2252429766390761,0.20065812812388314,-1.2078813421988952,0.3121011567342081,257,129,52,27,15,3.466666666666667
20260522,1,jnu_to_ctu,one_hz,development_sensitivity,0.30492080443510594,0.6401597676107481,0.2295832777519954,0.20354395702715522,-1.2111586700096038,0.3571746246776636,257,129,52,27,15,3.466666666666667
20260522,2,random,full,development_oof,0.5414747148707951,0.7636295743091859,0.18898976774144594,0.23086820111157508,-1.356514382744731,1.032333431723803,257,129,53,26,15,3.533333333333333
20260522,2,jnu_only,full,development_oof,0.5148987234328597,0.7498132935026138,0.19485908205903862,0.23371102454716547,-1.3276936825586767,0.9388419301573249,257,129,53,26,15,3.533333333333333
20260522,2,jnu_asymmetric,full,development_oof,0.5689289382538127,0.7427184466019418,0.1942262339626662,0.23770750045561026,-1.3619149859792763,1.1414350230970736,257,129,53,26,15,3.533333333333333
20260522,2,ctu_only,full,development_oof,0.5873478403989408,0.799477221807319,0.1847228522843167,0.23434402834752546,-1.4139567200673262,1.15285738399013,257,129,53,26,15,3.533333333333333
20260522,2,jnu_to_ctu,full,development_oof,0.5420013897291569,0.7654966392830469,0.1858961342490505,0.22448099585933645,-1.305478233784982,0.980672701007294,257,129,53,26,15,3.533333333333333
20260522,2,ctu_only,fhr_only,development_sensitivity,0.5499651570022261,0.7793129200896192,0.18661598278592972,0.229649763941155,-1.4028590829278789,1.0415576397170887,257,129,53,26,15,3.533333333333333
20260522,2,ctu_only,uc_only,development_sensitivity,0.5140835554291648,0.7520537714712472,0.18592830745902805,0.2119067808414238,-1.2625964276575767,0.9098075817528458,257,129,53,26,15,3.533333333333333
20260522,2,ctu_only,one_hz,development_sensitivity,0.5878608558411749,0.7983569828230022,0.18537263406311083,0.2340170424245745,-1.4087818488012178,1.1360895482339353,257,129,53,26,15,3.533333333333333
20260522,2,jnu_to_ctu,fhr_only,development_sensitivity,0.5565396186010795,0.7864077669902911,0.1829837634653661,0.21809177564273222,-1.3258103489157185,1.0504182217817764,257,129,53,26,15,3.533333333333333
20260522,2,jnu_to_ctu,uc_only,development_sensitivity,0.5552747222802528,0.7240477968633309,0.19355025950473548,0.2379359645901872,-1.2878869532215163,0.9510305991787883,257,129,53,26,15,3.533333333333333
20260522,2,jnu_to_ctu,one_hz,development_sensitivity,0.5362846971961861,0.768857356235997,0.18569603155199998,0.24063784119029574,-1.3179619758048067,0.986407734742318,257,129,53,26,15,3.533333333333333
20260522,3,random,full,development_oof,0.2802348604132825,0.6184012066365008,0.23952750527924313,0.2510387475773999,-1.3260565545019718,0.4143751536725341,258,128,53,26,15,3.533333333333333
20260522,3,jnu_only,full,development_oof,0.3091735109281163,0.6191553544494721,0.23854385481165832,0.2603027631550381,-1.3451638255911476,0.505537599406333,258,128,53,26,15,3.533333333333333
20260522,3,jnu_asymmetric,full,development_oof,0.2907481857082869,0.5965309200603318,0.24804159455905045,0.2603634123845157,-1.3426532947319254,0.3860797992275188,258,128,53,26,15,3.533333333333333
20260522,3,ctu_only,full,development_oof,0.28266320181515187,0.6210407239819005,0.23788486522971808,0.24068039641916503,-1.3131977770317738,0.40120809049607564,258,128,53,26,15,3.533333333333333
20260522,3,jnu_to_ctu,full,development_oof,0.3035937681174464,0.6398944193061841,0.23382061363790194,0.2572544152182112,-1.3477289251556126,0.5453752912477282,258,128,53,26,15,3.533333333333333
20260522,3,ctu_only,fhr_only,development_sensitivity,0.2944258619623624,0.6168929110105581,0.24691429555160727,0.25632048473439206,-1.3354938346573662,0.34635140961827726,258,128,53,26,15,3.533333333333333
20260522,3,ctu_only,uc_only,development_sensitivity,0.3227909621772719,0.5716440422322775,0.2471694534776021,0.26795780531724167,-1.3235683113989036,0.31043257877121777,258,128,53,26,15,3.533333333333333
20260522,3,ctu_only,one_hz,development_sensitivity,0.2716832507164438,0.6018099547511312,0.24679868715353923,0.245040282924497,-1.3167353040928096,0.3201817203993924,258,128,53,26,15,3.533333333333333
20260522,3,jnu_to_ctu,fhr_only,development_sensitivity,0.35385167518049154,0.6787330316742082,0.23008439844934375,0.2572372583046602,-1.3646653430160387,0.592233460356482,258,128,53,26,15,3.533333333333333
20260522,3,jnu_to_ctu,uc_only,development_sensitivity,0.305541619730628,0.6059577677224737,0.2449942668776587,0.26579650369282143,-1.3528791690006912,0.4593287160557989,258,128,53,26,15,3.533333333333333
20260522,3,jnu_to_ctu,one_hz,development_sensitivity,0.3126426797066866,0.6504524886877828,0.23188610397843634,0.2545988794545722,-1.343904850031766,0.5512914864474959,258,128,53,26,15,3.533333333333333
20260523,1,random,full,development_oof,0.3367156344767753,0.611837327523602,0.22946878844907737,0.22692681728427957,-1.192938576038348,0.3300732775048191,257,129,52,27,15,3.466666666666667
20260523,1,jnu_only,full,development_oof,0.3202115720730383,0.6089324618736384,0.23196492727843898,0.2116399803979184,-1.2132167586942588,0.33927025465539795,257,129,52,27,15,3.466666666666667
20260523,1,jnu_asymmetric,full,development_oof,0.31285161964611685,0.574074074074074,0.22715947988164673,0.22023341607499086,-1.1990881682145804,0.27920032668570777,257,129,52,27,15,3.466666666666667
20260523,1,ctu_only,full,development_oof,0.29633109190122264,0.6027596223674654,0.2390506088984895,0.2080873365267857,-1.2041184146830841,0.2711653236551628,257,129,52,27,15,3.466666666666667
20260523,1,jnu_to_ctu,full,development_oof,0.31397352292341757,0.6223674655047204,0.2304891401451893,0.21961801391629618,-1.2118815540973613,0.3372218118619436,257,129,52,27,15,3.466666666666667
20260523,1,ctu_only,fhr_only,development_sensitivity,0.2721035979294306,0.5893246187363834,0.23694279768378448,0.21653435258913253,-1.2049396781445714,0.2403018470741678,257,129,52,27,15,3.466666666666667
20260523,1,ctu_only,uc_only,development_sensitivity,0.35325529325224747,0.6100217864923747,0.2240808560634417,0.23702713209857795,-1.1982409323336873,0.3764973106019256,257,129,52,27,15,3.466666666666667
20260523,1,ctu_only,one_hz,development_sensitivity,0.3085623631787152,0.6122004357298475,0.23502374175859747,0.2223899697165128,-1.1925802793586695,0.2981975046622221,257,129,52,27,15,3.466666666666667
20260523,1,jnu_to_ctu,fhr_only,development_sensitivity,0.2516205716537516,0.5522875816993464,0.2586974542329975,0.25120653237834417,-1.265780562260694,0.09140798007888608,257,129,52,27,15,3.466666666666667
20260523,1,jnu_to_ctu,uc_only,development_sensitivity,0.3716098508864996,0.6027596223674655,0.22561753671673082,0.20889986638904506,-1.2048063514318927,0.3694026311952145,257,129,52,27,15,3.466666666666667
20260523,1,jnu_to_ctu,one_hz,development_sensitivity,0.3145179316526845,0.6289034132171387,0.23093529946813152,0.2187851865802063,-1.2114184112940523,0.3464246991840636,257,129,52,27,15,3.466666666666667
20260523,2,random,full,development_oof,0.553528335656747,0.7651232262882748,0.18953233038634093,0.2418174804801305,-1.370873899562754,1.0032501660760076,257,129,53,26,15,3.533333333333333
20260523,2,jnu_only,full,development_oof,0.5477474086475405,0.7479462285287527,0.194339508938999,0.231867497539798,-1.357370086297561,0.9448706898420611,257,129,53,26,15,3.533333333333333
20260523,2,jnu_asymmetric,full,development_oof,0.5541880443067135,0.7415982076176251,0.194513294930065,0.23681559448328224,-1.317824186181874,1.0396780575152302,257,129,53,26,15,3.533333333333333
20260523,2,ctu_only,full,development_oof,0.5464855870891732,0.7621359223300971,0.19535479145985987,0.23987959966469513,-1.3984155129370404,1.002346563351921,257,129,53,26,15,3.533333333333333
20260523,2,jnu_to_ctu,full,development_oof,0.5503279446904357,0.7516803584764751,0.1947372391282705,0.2332240782811173,-1.3565748906488608,0.9900428229135365,257,129,53,26,15,3.533333333333333
20260523,2,ctu_only,fhr_only,development_sensitivity,0.5154204778357692,0.7837938760268858,0.18981060767709002,0.2299850367205241,-1.3801753455562802,0.9267991765108645,257,129,53,26,15,3.533333333333333
20260523,2,ctu_only,uc_only,development_sensitivity,0.5620078389431855,0.7292755787901419,0.19828589931195115,0.24636499026583175,-1.3246391273968738,1.0404091836904334,257,129,53,26,15,3.533333333333333
20260523,2,ctu_only,one_hz,development_sensitivity,0.5666211900510929,0.7658700522778192,0.1916633299892464,0.24532108621846233,-1.3867864244791477,1.0585166426625616,257,129,53,26,15,3.533333333333333
20260523,2,jnu_to_ctu,fhr_only,development_sensitivity,0.5574508353079134,0.7793129200896192,0.18612048542132653,0.22051634795092548,-1.3582226523203174,1.003320095238235,257,129,53,26,15,3.533333333333333
20260523,2,jnu_to_ctu,uc_only,development_sensitivity,0.5394029330955639,0.7244212098581031,0.19368107047119282,0.22506054284321217,-1.2847785999006252,0.9554202890485175,257,129,53,26,15,3.533333333333333
20260523,2,jnu_to_ctu,one_hz,development_sensitivity,0.533414454049476,0.7483196415235249,0.19715018611457516,0.23652666543487436,-1.3683934669369957,0.9813352991810258,257,129,53,26,15,3.533333333333333
20260523,3,random,full,development_oof,0.2820148578216891,0.6395173453996983,0.24116058389890985,0.2559988256251165,-1.3376834011483114,0.41925367102902805,258,128,53,26,15,3.533333333333333
20260523,3,jnu_only,full,development_oof,0.30090327741924283,0.6549773755656109,0.23141206050507226,0.2556127817517197,-1.3413762726135323,0.5613081973211125,258,128,53,26,15,3.533333333333333
20260523,3,jnu_asymmetric,full,development_oof,0.32962161626937153,0.5916289592760181,0.25281212742108916,0.27112430814697996,-1.3568733533109074,0.38254868109829804,258,128,53,26,15,3.533333333333333
20260523,3,ctu_only,full,development_oof,0.3051328823246411,0.6628959276018099,0.22643419209304091,0.23068549463053695,-1.307201071302601,0.40541062526266963,258,128,53,26,15,3.533333333333333
20260523,3,jnu_to_ctu,full,development_oof,0.29750687970832607,0.6508295625942685,0.23093949327605992,0.25387280867541434,-1.335740854630592,0.5460203490717811,258,128,53,26,15,3.533333333333333
20260523,3,ctu_only,fhr_only,development_sensitivity,0.3020201649381753,0.6753393665158371,0.22567310807477603,0.21400165016281142,-1.2795091918658195,0.40638039711419155,258,128,53,26,15,3.533333333333333
20260523,3,ctu_only,uc_only,development_sensitivity,0.25363148244230677,0.5686274509803921,0.2539183055230926,0.26553040121716176,-1.3485260544569235,0.31508508330067,258,128,53,26,15,3.533333333333333
20260523,3,ctu_only,one_hz,development_sensitivity,0.29277117576456346,0.6478129713423831,0.23032669975240544,0.23088691167999997,-1.3082068323064404,0.35853283801547514,258,128,53,26,15,3.533333333333333
20260523,3,jnu_to_ctu,fhr_only,development_sensitivity,0.3154476101359868,0.6621417797888387,0.22532670577000347,0.24201544269851416,-1.3091348989694314,0.5249376006546235,258,128,53,26,15,3.533333333333333
20260523,3,jnu_to_ctu,uc_only,development_sensitivity,0.299052357222942,0.6142533936651584,0.24400630019261782,0.2646394793429938,-1.3509793657066527,0.46847276455883374,258,128,53,26,15,3.533333333333333
20260523,3,jnu_to_ctu,one_hz,development_sensitivity,0.30875318071432517,0.6711915535444948,0.22440341325058144,0.24599954196803225,-1.320929740675196,0.575636499566368,258,128,53,26,15,3.533333333333333
20260524,1,random,full,development_oof,0.3182774900226284,0.5925925925925926,0.23352456982643413,0.21047075511330218,-1.202667032090799,0.2772726903060061,257,129,52,27,15,3.466666666666667
20260524,1,jnu_only,full,development_oof,0.29461705812895533,0.6154684095860566,0.23091728327998684,0.2165243026542157,-1.2168158233126294,0.3038796026414009,257,129,52,27,15,3.466666666666667
20260524,1,jnu_asymmetric,full,development_oof,0.33604124465919427,0.597676107480029,0.22450996135003307,0.21396800383850195,-1.1854140561738322,0.33079394607396106,257,129,52,27,15,3.466666666666667
20260524,1,ctu_only,full,development_oof,0.32267814329336997,0.6187363834422658,0.23414459898440274,0.20842298597880146,-1.1998662371262356,0.317282330202703,257,129,52,27,15,3.466666666666667
20260524,1,jnu_to_ctu,full,development_oof,0.31874479811817036,0.6201888162672476,0.2336938273053185,0.20889200688271164,-1.2205341363935478,0.3143783615929398,257,129,52,27,15,3.466666666666667
20260524,1,ctu_only,fhr_only,development_sensitivity,0.364983833726142,0.6180101670297748,0.23212545816940297,0.21062253375096224,-1.1734086597266506,0.2990703644327603,257,129,52,27,15,3.466666666666667
20260524,1,ctu_only,uc_only,development_sensitivity,0.3566955125148075,0.6292665214233841,0.22203310306482651,0.2078535144326465,-1.1978569387413696,0.4178077414460266,257,129,52,27,15,3.466666666666667
20260524,1,ctu_only,one_hz,development_sensitivity,0.3235216743520034,0.6169208424110385,0.23319034824871157,0.20589259891685863,-1.1984820444642175,0.3199338186159643,257,129,52,27,15,3.466666666666667
20260524,1,jnu_to_ctu,fhr_only,development_sensitivity,0.2663260029597456,0.5679012345679013,0.25031411301131157,0.23715812500806488,-1.2394626256474837,0.13585629867827437,257,129,52,27,15,3.466666666666667
20260524,1,jnu_to_ctu,uc_only,development_sensitivity,0.3565281930096128,0.5991285403050108,0.22532408997623674,0.21966349474164928,-1.205061474398932,0.3371948096379196,257,129,52,27,15,3.466666666666667
20260524,1,jnu_to_ctu,one_hz,development_sensitivity,0.3119226664645055,0.6205519244734929,0.23478340730327713,0.20668742928131298,-1.2196386289304002,0.30444746016399726,257,129,52,27,15,3.466666666666667
20260524,2,random,full,development_oof,0.5662008578547946,0.7714712471994025,0.18779541968470517,0.23172760478677124,-1.3684550126467003,1.0756239318596437,257,129,53,26,15,3.533333333333333
20260524,2,jnu_only,full,development_oof,0.5441583975784985,0.7606422703510082,0.193317132776692,0.2341413928885772,-1.3672429675401694,1.0180530924317108,257,129,53,26,15,3.533333333333333
20260524,2,jnu_asymmetric,full,development_oof,0.5896507873946866,0.7539208364451082,0.18423595836713585,0.22180054449800274,-1.2887201820889271,1.173553234217856,257,129,53,26,15,3.533333333333333
20260524,2,ctu_only,full,development_oof,0.547494915597121,0.7744585511575802,0.1883054346830779,0.22937930233917594,-1.3797201399012051,1.0517429654481607,257,129,53,26,15,3.533333333333333
20260524,2,jnu_to_ctu,full,development_oof,0.5410643154718648,0.7729648991784915,0.1870652187002001,0.22465343281287325,-1.353630103304131,1.0200281602169186,257,129,53,26,15,3.533333333333333
20260524,2,ctu_only,fhr_only,development_sensitivity,0.5176762467714067,0.7830470500373413,0.18868167005954148,0.22232680472143931,-1.385568512186613,0.8859248190402121,257,129,53,26,15,3.533333333333333
20260524,2,ctu_only,uc_only,development_sensitivity,0.5545147010007876,0.7759522031366691,0.17760817703739543,0.21304556882325046,-1.2613213014087363,1.1655431643683722,257,129,53,26,15,3.533333333333333
20260524,2,ctu_only,one_hz,development_sensitivity,0.5484983835348631,0.7666168782673637,0.18961886964601407,0.22981507743529528,-1.3745307363063657,1.0311228133853865,257,129,53,26,15,3.533333333333333
20260524,2,jnu_to_ctu,fhr_only,development_sensitivity,0.5489551264686572,0.7901418969380135,0.18673075330424646,0.22538795963996758,-1.3770401491057376,1.0042134178706723,257,129,53,26,15,3.533333333333333
20260524,2,jnu_to_ctu,uc_only,development_sensitivity,0.559754971078865,0.7401045556385362,0.1912682376100572,0.22589354098110387,-1.300400835292431,1.0375336576470175,257,129,53,26,15,3.533333333333333
20260524,2,jnu_to_ctu,one_hz,development_sensitivity,0.573250222412473,0.7852875280059746,0.18526300859411965,0.22724146393883898,-1.3708530148337443,1.0837751077998676,257,129,53,26,15,3.533333333333333
20260524,3,random,full,development_oof,0.2862845065997593,0.6006787330316742,0.2420505855565722,0.2548596759003855,-1.3317886196068258,0.41286767900793,258,128,53,26,15,3.533333333333333
20260524,3,jnu_only,full,development_oof,0.3092321466720678,0.6561085972850679,0.23045604199698613,0.2517686593832341,-1.3344106910306104,0.5518964251419993,258,128,53,26,15,3.533333333333333
20260524,3,jnu_asymmetric,full,development_oof,0.30452528732324957,0.6425339366515836,0.24198102629655738,0.2685851800245317,-1.3776061388768401,0.5408649139952763,258,128,53,26,15,3.533333333333333
20260524,3,ctu_only,full,development_oof,0.29459145326564345,0.6244343891402715,0.23209144847754587,0.2284353470614714,-1.2963530619648143,0.3651319226119817,258,128,53,26,15,3.533333333333333
20260524,3,jnu_to_ctu,full,development_oof,0.3247794608113361,0.6538461538461539,0.23311206649738397,0.24914058143652382,-1.3431841388504664,0.5065428357494762,258,128,53,26,15,3.533333333333333
20260524,3,ctu_only,fhr_only,development_sensitivity,0.32311550381558846,0.6628959276018099,0.22993654260512397,0.2347533094217252,-1.3119871181102059,0.42784102739281965,258,128,53,26,15,3.533333333333333
20260524,3,ctu_only,uc_only,development_sensitivity,0.2637732085175565,0.5810708898944192,0.24625181197550555,0.258818407331737,-1.3349645057540738,0.35899385248473253,258,128,53,26,15,3.533333333333333
20260524,3,ctu_only,one_hz,development_sensitivity,0.2890581883428397,0.6195324283559578,0.232541141935396,0.23087671308529983,-1.299663692807146,0.36158758890250814,258,128,53,26,15,3.533333333333333
20260524,3,jnu_to_ctu,fhr_only,development_sensitivity,0.3102226167882463,0.6640271493212669,0.23272305188635403,0.24868364990216338,-1.3425358572457222,0.46716039489946865,258,128,53,26,15,3.533333333333333
20260524,3,jnu_to_ctu,uc_only,development_sensitivity,0.30049657984963457,0.6116138763197587,0.24694693534317538,0.2681542828955,-1.359377003871,0.44155279619924237,258,128,53,26,15,3.533333333333333
20260524,3,jnu_to_ctu,one_hz,development_sensitivity,0.32693913043224565,0.6519607843137254,0.23162379979162184,0.2441912244290981,-1.3328801356098403,0.48878845522720915,258,128,53,26,15,3.533333333333333
20260525,1,random,full,development_oof,0.3303443132731254,0.6089324618736383,0.22798610341528167,0.21289268136692927,-1.1893838563763959,0.3088749992149336,257,129,52,27,15,3.466666666666667
20260525,1,jnu_only,full,development_oof,0.32117651513653067,0.6274509803921567,0.23347040283560566,0.204673796152537,-1.2097812892186761,0.3440464637775767,257,129,52,27,15,3.466666666666667
20260525,1,jnu_asymmetric,full,development_oof,0.3210143427534067,0.6234567901234568,0.22427877275577804,0.21939542002589385,-1.200225192996762,0.3887687570729554,257,129,52,27,15,3.466666666666667
20260525,1,ctu_only,full,development_oof,0.3163724897671853,0.611837327523602,0.23615356188196185,0.20609238014582631,-1.203564775356673,0.2789656018979619,257,129,52,27,15,3.466666666666667
20260525,1,jnu_to_ctu,full,development_oof,0.3595158922872399,0.6267247639796659,0.2349383105020149,0.2250886431315153,-1.208656349829795,0.366041684816177,257,129,52,27,15,3.466666666666667
20260525,1,ctu_only,fhr_only,development_sensitivity,0.27947676463837634,0.5893246187363834,0.24306080706117109,0.2195490871379789,-1.2107869652306464,0.2264874151759262,257,129,52,27,15,3.466666666666667
20260525,1,ctu_only,uc_only,development_sensitivity,0.35761881932163203,0.6506899055918663,0.2217986136970939,0.21214575595754995,-1.2117377350871692,0.47818259177759176,257,129,52,27,15,3.466666666666667
20260525,1,ctu_only,one_hz,development_sensitivity,0.3375227215633328,0.611111111111111,0.2361320414195731,0.20249527615581892,-1.2063325870031738,0.2781532474886632,257,129,52,27,15,3.466666666666667
20260525,1,jnu_to_ctu,fhr_only,development_sensitivity,0.2581595754557934,0.5533769063180828,0.2550717527074541,0.2249154713227758,-1.255159700203753,0.09978340540387338,257,129,52,27,15,3.466666666666667
20260525,1,jnu_to_ctu,uc_only,development_sensitivity,0.3554349030827405,0.5980392156862745,0.2242087723133874,0.21255209315104848,-1.2050963528314655,0.34279915509345926,257,129,52,27,15,3.466666666666667
20260525,1,jnu_to_ctu,one_hz,development_sensitivity,0.36136958510727346,0.6296296296296297,0.23535504226865844,0.23240759347097514,-1.2101075301441706,0.36265601405124165,257,129,52,27,15,3.466666666666667
20260525,2,random,full,development_oof,0.5439252765645158,0.7595220313666915,0.18825425650927935,0.22686339231780459,-1.3454987497945667,0.9226700697853821,257,129,53,26,15,3.533333333333333
20260525,2,jnu_only,full,development_oof,0.5148177791110412,0.7587752053771472,0.1925086907429126,0.22987789200556003,-1.3444537856262113,1.0349177972309769,257,129,53,26,15,3.533333333333333
20260525,2,jnu_asymmetric,full,development_oof,0.5796382630800908,0.7737117251680359,0.1816585542322522,0.21070719375737912,-1.2709258587634629,1.0409319425348968,257,129,53,26,15,3.533333333333333
20260525,2,ctu_only,full,development_oof,0.5738915705789959,0.7621359223300972,0.18896453295653773,0.22791152261208852,-1.3697149874452001,0.9932418741870089,257,129,53,26,15,3.533333333333333
20260525,2,jnu_to_ctu,full,development_oof,0.5584036004016034,0.7748319641523524,0.18606981810206985,0.22402861362872883,-1.3314225216964803,1.1056228946940663,257,129,53,26,15,3.533333333333333
20260525,2,ctu_only,fhr_only,development_sensitivity,0.5267880675473894,0.7565347274085138,0.19218420744626466,0.21656764793693153,-1.3316437876794895,0.8326242408363371,257,129,53,26,15,3.533333333333333
20260525,2,ctu_only,uc_only,development_sensitivity,0.5371725931116452,0.7419716206123973,0.19369990091585623,0.23165240208110785,-1.3303285251883814,1.0439754332546967,257,129,53,26,15,3.533333333333333
20260525,2,ctu_only,one_hz,development_sensitivity,0.5731337140329648,0.7737117251680359,0.1848477777646947,0.2249515356358183,-1.3582838551521115,1.0119657208773511,257,129,53,26,15,3.533333333333333
20260525,2,jnu_to_ctu,fhr_only,development_sensitivity,0.5618634228216662,0.7908887229275579,0.18303272402721316,0.22563757618488467,-1.380879335156383,1.111260700886169,257,129,53,26,15,3.533333333333333
20260525,2,jnu_to_ctu,uc_only,development_sensitivity,0.5427478267100214,0.7214339058999253,0.19334782665715383,0.23313882248101295,-1.2963832142997804,0.9820370215183892,257,129,53,26,15,3.533333333333333
20260525,2,jnu_to_ctu,one_hz,development_sensitivity,0.5258241274525755,0.7707244212098582,0.18532088857017304,0.22303794164992694,-1.3346482718759154,1.0935274504902657,257,129,53,26,15,3.533333333333333
20260525,3,random,full,development_oof,0.2787137400212964,0.6138763197586727,0.23934959996449326,0.24676628633243625,-1.3209297416988954,0.39125684392218174,258,128,53,26,15,3.533333333333333
20260525,3,jnu_only,full,development_oof,0.32510922876436776,0.6312217194570136,0.23464463830077115,0.2538874161730679,-1.338074399411773,0.5445311149678329,258,128,53,26,15,3.533333333333333
20260525,3,jnu_asymmetric,full,development_oof,0.33907415030051224,0.6346153846153846,0.23531771160651999,0.260229853303291,-1.3476993520265068,0.5874460507786866,258,128,53,26,15,3.533333333333333
20260525,3,ctu_only,full,development_oof,0.2888276625715326,0.6206636500754148,0.23617496531450263,0.2534327451867071,-1.3255555300889696,0.46974455402140014,258,128,53,26,15,3.533333333333333
20260525,3,jnu_to_ctu,full,development_oof,0.3221554740029384,0.6278280542986425,0.23492607023320264,0.25194289560555383,-1.3356331611243075,0.5284220235107953,258,128,53,26,15,3.533333333333333
20260525,3,ctu_only,fhr_only,development_sensitivity,0.31154522729754697,0.6398944193061841,0.24078932280046667,0.2515045954452604,-1.3302290455459205,0.4074056754705059,258,128,53,26,15,3.533333333333333
20260525,3,ctu_only,uc_only,development_sensitivity,0.39409750191775805,0.6176470588235294,0.237260266256687,0.25576856445206475,-1.33688673158127,0.5710633199662687,258,128,53,26,15,3.533333333333333
20260525,3,ctu_only,one_hz,development_sensitivity,0.2906919495714253,0.6289592760180996,0.23449318169544797,0.2503286437822711,-1.3275627776675287,0.4731564521468114,258,128,53,26,15,3.533333333333333
20260525,3,jnu_to_ctu,fhr_only,development_sensitivity,0.33476833988035676,0.6907993966817496,0.22426875715681835,0.2503156361768094,-1.3499531006322898,0.609230082296328,258,128,53,26,15,3.533333333333333
20260525,3,jnu_to_ctu,uc_only,development_sensitivity,0.2958647490680779,0.6187782805429864,0.24467839467456948,0.2685675128916866,-1.3635190251980853,0.47850596355169606,258,128,53,26,15,3.533333333333333
20260525,3,jnu_to_ctu,one_hz,development_sensitivity,0.32465625438566453,0.6327300150829562,0.23320682467340864,0.24843727265313692,-1.329299957360937,0.5255916746262354,258,128,53,26,15,3.533333333333333
