seed,route,task,n,positives,auprc,auroc,balanced_accuracy,f1
20260521,classical_signal,any_acceleration,386,187,0.6144206067281602,0.6450971434713675,0.6051917340714266,0.5846994535519126
20260521,classical_signal,any_deceleration,386,284,0.8533293036667204,0.7074012703673018,0.6639395194697597,0.7370517928286853
20260521,classical_signal,any_deceleration_early,386,188,0.7072864246864056,0.7364603481624759,0.6812003008811519,0.6737400530503979
20260521,classical_signal,any_deceleration_late,386,74,0.2813288954343057,0.6512040887040887,0.6336191961191961,0.3983402489626556
20260521,classical_signal,any_deceleration_prolonged,386,19,0.16302379194712885,0.7630861895884125,0.7095224437114585,0.22018348623853212
20260521,classical_signal,any_deceleration_variable,386,196,0.6706815592650817,0.6890440386680989,0.6342642320085929,0.6483790523690773
20260521,classical_signal,any_tachycardia,386,29,0.6759571823957076,0.9575002414759007,0.9239350912778905,0.5656565656565656
20260521,ctu_only,any_acceleration,386,187,0.6603902585464336,0.6693897293956413,0.5969150565662538,0.6020408163265306
20260521,ctu_only,any_deceleration,386,284,0.8714433500873576,0.7255937586302126,0.6675987296326982,0.768642447418738
20260521,ctu_only,any_deceleration_early,386,188,0.6700704562756976,0.6854448742746615,0.6449065119277886,0.636604774535809
20260521,ctu_only,any_deceleration_late,386,74,0.24397919731892914,0.5748007623007624,0.5322678447678448,0.2920353982300885
20260521,ctu_only,any_deceleration_prolonged,386,19,0.057965108563821026,0.5187150437401405,0.49125197189158176,0.07874015748031496
20260521,ctu_only,any_deceleration_variable,386,196,0.6688119202697322,0.6559344790547799,0.6089151450053706,0.6098191214470284
20260521,ctu_only,any_tachycardia,386,29,0.1510901019587412,0.6447406548826428,0.5459287163141119,0.15517241379310345
20260521,jnu_asymmetric,any_acceleration,386,187,0.6181830195429971,0.6437803993228173,0.590922527073872,0.5863874345549738
20260521,jnu_asymmetric,any_deceleration,386,284,0.8457397841819861,0.6371168185584093,0.5823667495167081,0.7153846153846154
20260521,jnu_asymmetric,any_deceleration_early,386,188,0.6764923265498819,0.6791854717386633,0.5854824844186546,0.5789473684210527
20260521,jnu_asymmetric,any_deceleration_late,386,74,0.19329398382516888,0.46244802494802495,0.4956254331254331,0.2543859649122807
20260521,jnu_asymmetric,any_deceleration_prolonged,386,19,0.1336095213984511,0.6018930159185429,0.576581098522874,0.13333333333333333
20260521,jnu_asymmetric,any_deceleration_variable,386,196,0.6307815123010816,0.6019602577873255,0.5669709989258862,0.581453634085213
20260521,jnu_asymmetric,any_tachycardia,386,29,0.1883886412382489,0.6727518593644354,0.612093113107312,0.21311475409836064
20260521,jnu_only,any_acceleration,386,187,0.6729481694227446,0.6732056001934807,0.616854325101443,0.612565445026178
20260521,jnu_only,any_deceleration,386,284,0.9008312166332508,0.7756144711405688,0.7114747307373654,0.8015122873345936
20260521,jnu_only,any_deceleration_early,386,188,0.694160930165203,0.7014560498603053,0.6445035460992907,0.6307277628032345
20260521,jnu_only,any_deceleration_late,386,74,0.2250029348175757,0.5307519057519058,0.5004331254331253,0.2577777777777778
20260521,jnu_only,any_deceleration_prolonged,386,19,0.08810316611573922,0.5934318084038434,0.5888426789043453,0.14583333333333334
20260521,jnu_only,any_deceleration_variable,386,196,0.6956775730510937,0.7171858216970999,0.673093447905478,0.6865671641791045
20260521,jnu_only,any_tachycardia,386,29,0.3435399857163994,0.7095527866318941,0.6661837148652565,0.2727272727272727
20260521,jnu_to_ctu,any_acceleration,386,187,0.6485223775391629,0.6495310778491388,0.5981377475613361,0.5866666666666667
20260521,jnu_to_ctu,any_deceleration,386,284,0.9017709911635725,0.7758215962441315,0.7216583816625242,0.8097928436911488
20260521,jnu_to_ctu,any_deceleration_early,386,188,0.70706013540763,0.710401891252955,0.6470287986245433,0.6324324324324324
20260521,jnu_to_ctu,any_deceleration_late,386,74,0.24389789306578283,0.5478170478170478,0.5071898821898821,0.26548672566371684
20260521,jnu_to_ctu,any_deceleration_prolonged,386,19,0.09340032063034329,0.571346622687509,0.5611644916104976,0.125
20260521,jnu_to_ctu,any_deceleration_variable,386,196,0.6904560773003149,0.7037593984962406,0.6473415682062298,0.6582914572864321
20260521,jnu_to_ctu,any_tachycardia,386,29,0.2681322473623395,0.7155413889693808,0.669419491934705,0.2644628099173554
20260521,random,any_acceleration,386,187,0.635634382477015,0.6683685808722757,0.6042915110310912,0.6046511627906976
20260521,random,any_deceleration,386,284,0.8494591405269212,0.703949185307926,0.6566556199944766,0.7485380116959064
20260521,random,any_deceleration_early,386,188,0.6086943663062645,0.6303728777133032,0.6035622179239201,0.5963060686015831
20260521,random,any_deceleration_late,386,74,0.24060398091558538,0.5980595980595981,0.5653586278586279,0.3257918552036199
20260521,random,any_deceleration_prolonged,386,19,0.05323742077474573,0.47325397963573784,0.5298293417467375,0.10084033613445378
20260521,random,any_deceleration_variable,386,196,0.5956483295333073,0.617373791621912,0.5983888292158969,0.6035805626598465
20260521,random,any_tachycardia,386,29,0.17015534666541102,0.6583598956824109,0.5906500531246982,0.1935483870967742
20260522,classical_signal,any_acceleration,386,187,0.6144206067281602,0.6450971434713675,0.6051917340714266,0.5846994535519126
20260522,classical_signal,any_deceleration,386,284,0.8533293036667204,0.7074012703673018,0.6639395194697597,0.7370517928286853
20260522,classical_signal,any_deceleration_early,386,188,0.7072864246864056,0.7364603481624759,0.6812003008811519,0.6737400530503979
20260522,classical_signal,any_deceleration_late,386,74,0.2813288954343057,0.6512040887040887,0.6336191961191961,0.3983402489626556
20260522,classical_signal,any_deceleration_prolonged,386,19,0.16302379194712885,0.7630861895884125,0.7095224437114585,0.22018348623853212
20260522,classical_signal,any_deceleration_variable,386,196,0.6706815592650817,0.6890440386680989,0.6342642320085929,0.6483790523690773
20260522,classical_signal,any_tachycardia,386,29,0.6759571823957076,0.9575002414759007,0.9239350912778905,0.5656565656565656
20260522,ctu_only,any_acceleration,386,187,0.6666601379613157,0.6937091876494773,0.6459436218525785,0.6478149100257069
20260522,ctu_only,any_deceleration,386,284,0.8878719953894688,0.7467205191935928,0.6858257387462028,0.7777777777777778
20260522,ctu_only,any_deceleration_early,386,188,0.6508933290220353,0.6647055663013111,0.61605415860735,0.6021505376344086
20260522,ctu_only,any_deceleration_late,386,74,0.20938437032369456,0.5167619542619541,0.5103950103950105,0.26785714285714285
20260522,ctu_only,any_deceleration_prolonged,386,19,0.049190423581586776,0.4302308905779435,0.4631435537071562,0.056074766355140186
20260522,ctu_only,any_deceleration_variable,386,196,0.6901149453003702,0.6785982814178304,0.6395273899033298,0.6516290726817042
20260522,ctu_only,any_tachycardia,386,29,0.19837445270109905,0.7443253163334299,0.7239447503139187,0.3114754098360656
20260522,jnu_asymmetric,any_acceleration,386,187,0.6239484079287994,0.6318759573267407,0.5750409803025824,0.5661375661375662
20260522,jnu_asymmetric,any_deceleration,386,284,0.8418501755313708,0.6584852250759459,0.6142985363159348,0.7380497131931166
20260522,jnu_asymmetric,any_deceleration_early,386,188,0.6143692641561083,0.6193853427895981,0.5804319793681496,0.5759162303664922
20260522,jnu_asymmetric,any_deceleration_late,386,74,0.22747630492934173,0.5060637560637561,0.4972279972279972,0.2555066079295154
20260522,jnu_asymmetric,any_deceleration_prolonged,386,19,0.0777379234912855,0.5408002294564749,0.5352789330273914,0.10434782608695652
20260522,jnu_asymmetric,any_deceleration_variable,386,196,0.6071382850027635,0.5867883995703544,0.549436090225564,0.546875
20260522,jnu_asymmetric,any_tachycardia,386,29,0.23047206245215773,0.6952574133101517,0.6018545349174153,0.20689655172413793
20260522,jnu_only,any_acceleration,386,187,0.6504233900447813,0.6620267110955849,0.6039690430763442,0.6005221932114883
20260522,jnu_only,any_deceleration,386,284,0.8935723444958862,0.7643951946975973,0.7093344380005524,0.7938931297709924
20260522,jnu_only,any_deceleration_early,386,188,0.6990460409348753,0.7103750268643885,0.657264130668386,0.6413043478260869
20260522,jnu_only,any_deceleration_late,386,74,0.21463746719304447,0.5341735966735967,0.5331774081774082,0.28837209302325584
20260522,jnu_only,any_deceleration_prolonged,386,19,0.097114186086748,0.6224006883694249,0.6028968879965582,0.1509433962264151
20260522,jnu_only,any_deceleration_variable,386,196,0.6826735983699356,0.6902524167561761,0.6500537056928034,0.6582278481012658
20260522,jnu_only,any_tachycardia,386,29,0.24734899349948497,0.7007630638462282,0.6535786728484497,0.25210084033613445
20260522,jnu_to_ctu,any_acceleration,386,187,0.64944581207632,0.6684760701905248,0.6046139789858382,0.6086956521739131
20260522,jnu_to_ctu,any_deceleration,386,284,0.912224268043472,0.7906655619994477,0.7124758354045844,0.7931034482758621
20260522,jnu_to_ctu,any_deceleration_early,386,188,0.7205453768026612,0.7375886524822696,0.6781377605845691,0.6648648648648648
20260522,jnu_to_ctu,any_deceleration_late,386,74,0.23067909697921654,0.5522349272349272,0.5251645876645876,0.2818181818181818
20260522,jnu_to_ctu,any_deceleration_prolonged,386,19,0.09533019582959319,0.6056216836368852,0.5570772981500072,0.12121212121212122
20260522,jnu_to_ctu,any_deceleration_variable,386,196,0.6885472846823786,0.6960257787325457,0.6628893662728249,0.6733668341708543
20260522,jnu_to_ctu,any_tachycardia,386,29,0.23432964017149197,0.7107118709552787,0.6610161305901672,0.25196850393700787
20260522,random,any_acceleration,386,187,0.6321510199655004,0.6698196866686373,0.6247144814984011,0.6214099216710183
20260522,random,any_deceleration,386,284,0.8503289011129598,0.7106462303231152,0.6942488262910798,0.7839388145315488
20260522,random,any_deceleration_early,386,188,0.6399001800544948,0.6534225231033742,0.6035622179239201,0.5963060686015831
20260522,random,any_deceleration_late,386,74,0.19401210823402373,0.5060637560637561,0.5061503811503811,0.2559241706161137
20260522,random,any_deceleration_prolonged,386,19,0.04745026389212654,0.4584827190592285,0.4894593431808404,0.07407407407407407
20260522,random,any_deceleration_variable,386,196,0.6600980121877827,0.6467239527389903,0.5978249194414608,0.6172839506172839
20260522,random,any_tachycardia,386,29,0.15587384944733013,0.6579735342412828,0.579445571331981,0.18181818181818182
20260523,classical_signal,any_acceleration,386,187,0.6144206067281602,0.6450971434713675,0.6051917340714266,0.5846994535519126
20260523,classical_signal,any_deceleration,386,284,0.8533293036667204,0.7074012703673018,0.6639395194697597,0.7370517928286853
20260523,classical_signal,any_deceleration_early,386,188,0.7072864246864056,0.7364603481624759,0.6812003008811519,0.6737400530503979
20260523,classical_signal,any_deceleration_late,386,74,0.2813288954343057,0.6512040887040887,0.6336191961191961,0.3983402489626556
20260523,classical_signal,any_deceleration_prolonged,386,19,0.16302379194712885,0.7630861895884125,0.7095224437114585,0.22018348623853212
20260523,classical_signal,any_deceleration_variable,386,196,0.6706815592650817,0.6890440386680989,0.6342642320085929,0.6483790523690773
20260523,classical_signal,any_tachycardia,386,29,0.6759571823957076,0.9575002414759007,0.9239350912778905,0.5656565656565656
20260523,ctu_only,any_acceleration,386,187,0.6786213578806137,0.6909413377045657,0.6253594174078951,0.629156010230179
20260523,ctu_only,any_deceleration,386,284,0.8622750349132027,0.7111295222314278,0.659175642087821,0.7624521072796935
20260523,ctu_only,any_deceleration_early,386,188,0.6665896512225787,0.675478186116484,0.6247044917257684,0.6233766233766234
20260523,ctu_only,any_deceleration_late,386,74,0.20712011745244696,0.5220460845460846,0.5052408177408177,0.26126126126126126
20260523,ctu_only,any_deceleration_prolonged,386,19,0.07600374666799456,0.529901046895167,0.45726373153592426,0.04395604395604396
20260523,ctu_only,any_deceleration_variable,386,196,0.6224694687185511,0.6385069817400644,0.6316326530612244,0.6467661691542289
20260523,ctu_only,any_tachycardia,386,29,0.18733298528067724,0.6790302327827682,0.6260987153482083,0.23214285714285715
20260523,jnu_asymmetric,any_acceleration,386,187,0.5650691652049198,0.590277591164378,0.5566468707172225,0.544
20260523,jnu_asymmetric,any_deceleration,386,284,0.8514223175163516,0.6760908588787629,0.6466100524716929,0.7660377358490567
20260523,jnu_asymmetric,any_deceleration_early,386,188,0.6381836552792445,0.654201590371803,0.5990490006447453,0.6015424164524421
20260523,jnu_asymmetric,any_deceleration_late,386,74,0.19372090823271115,0.5011694386694387,0.49917706167706166,0.2597402597402597
20260523,jnu_asymmetric,any_deceleration_prolonged,386,19,0.06003755460228205,0.4452889717481715,0.45496916678617527,0.05309734513274336
20260523,jnu_asymmetric,any_deceleration_variable,386,196,0.5999658252579323,0.6056928034371644,0.5570891514500537,0.5581395348837209
20260523,jnu_asymmetric,any_tachycardia,386,29,0.1670796234004604,0.6622235100936926,0.6064908722109533,0.20634920634920634
20260523,jnu_only,any_acceleration,386,187,0.6409278167198111,0.6767258753661356,0.6118291994733023,0.609375
20260523,jnu_only,any_deceleration,386,284,0.891436981513491,0.779170118751726,0.7258008837337753,0.8007662835249042
20260523,jnu_only,any_deceleration_early,386,188,0.7039883423304087,0.726117558564367,0.6813346228239845,0.6754617414248021
20260523,jnu_only,any_deceleration_late,386,74,0.24987472685275158,0.5766632016632016,0.5676541926541927,0.33043478260869563
20260523,jnu_only,any_deceleration_prolonged,386,19,0.1313134090020978,0.5641761078445432,0.5443854868779578,0.11363636363636363
20260523,jnu_only,any_deceleration_variable,386,196,0.7457776480361644,0.7310687432867884,0.6732545649838884,0.6834170854271356
20260523,jnu_only,any_tachycardia,386,29,0.2454940993567026,0.6794165942238964,0.6675842750893461,0.27522935779816515
20260523,jnu_to_ctu,any_acceleration,386,187,0.6737477256534918,0.6836858087227581,0.6113454975411818,0.6031746031746031
20260523,jnu_to_ctu,any_deceleration,386,284,0.8860061483345641,0.7514498757249379,0.689346865506766,0.7824427480916031
20260523,jnu_to_ctu,any_deceleration_early,386,188,0.6960553998206351,0.710401891252955,0.6597893831936386,0.6430517711171662
20260523,jnu_to_ctu,any_deceleration_late,386,74,0.277401211410671,0.6123094248094249,0.5849358974358974,0.34579439252336447
20260523,jnu_to_ctu,any_deceleration_prolonged,386,19,0.09745016392967877,0.5706295712032123,0.573426071991969,0.13793103448275862
20260523,jnu_to_ctu,any_deceleration_variable,386,196,0.7395017431841087,0.7305048335123523,0.6813104189044039,0.6854219948849105
20260523,jnu_to_ctu,any_tachycardia,386,29,0.24207490649196056,0.6988312566405872,0.7151067323481117,0.3130434782608696
20260523,random,any_acceleration,386,187,0.6725761697062267,0.7086233305565259,0.6561551070862333,0.6563307493540051
20260523,random,any_deceleration,386,284,0.8593391003896436,0.7282863849765259,0.6634562275614471,0.7781954887218046
20260523,random,any_deceleration_early,386,188,0.6295886683580523,0.660649043627767,0.6220449172576832,0.6197916666666666
20260523,random,any_deceleration_late,386,74,0.18977210150520926,0.511651074151074,0.49298336798336795,0.24299065420560748
20260523,random,any_deceleration_prolonged,386,19,0.10364936795541566,0.4408432525455328,0.4949089344614943,0.07692307692307693
20260523,random,any_deceleration_variable,386,196,0.6296555816497946,0.6401181525241676,0.6006176154672396,0.615
20260523,random,any_tachycardia,386,29,0.19264063270390863,0.6968994494349463,0.6507775524002705,0.24793388429752067
20260524,classical_signal,any_acceleration,386,187,0.6144206067281602,0.6450971434713675,0.6051917340714266,0.5846994535519126
20260524,classical_signal,any_deceleration,386,284,0.8533293036667204,0.7074012703673018,0.6639395194697597,0.7370517928286853
20260524,classical_signal,any_deceleration_early,386,188,0.7072864246864056,0.7364603481624759,0.6812003008811519,0.6737400530503979
20260524,classical_signal,any_deceleration_late,386,74,0.2813288954343057,0.6512040887040887,0.6336191961191961,0.3983402489626556
20260524,classical_signal,any_deceleration_prolonged,386,19,0.16302379194712885,0.7630861895884125,0.7095224437114585,0.22018348623853212
20260524,classical_signal,any_deceleration_variable,386,196,0.6706815592650817,0.6890440386680989,0.6342642320085929,0.6483790523690773
20260524,classical_signal,any_tachycardia,386,29,0.6759571823957076,0.9575002414759007,0.9239350912778905,0.5656565656565656
20260524,ctu_only,any_acceleration,386,187,0.638991779380218,0.6601725203557897,0.6017789482170208,0.6030927835051546
20260524,ctu_only,any_deceleration,386,284,0.8855492140995289,0.7459610604805301,0.681924882629108,0.7674418604651163
20260524,ctu_only,any_deceleration_early,386,188,0.6440146008599122,0.672200730711369,0.6286804212336128,0.6103542234332425
20260524,ctu_only,any_deceleration_late,386,74,0.24560363872816388,0.5890939015939016,0.5425762300762301,0.30434782608695654
20260524,ctu_only,any_deceleration_prolonged,386,19,0.057263905512721175,0.5139825039437832,0.5062383479133802,0.08620689655172414
20260524,ctu_only,any_deceleration_variable,386,196,0.6659026955417476,0.6626208378088077,0.6316326530612244,0.6467661691542289
20260524,ctu_only,any_tachycardia,386,29,0.230716406873945,0.707138027624843,0.700666473485946,0.30357142857142855
20260524,jnu_asymmetric,any_acceleration,386,187,0.5643545054409465,0.6110499019159971,0.5807110418402172,0.578125
20260524,jnu_asymmetric,any_deceleration,386,284,0.8051984770588259,0.6144366197183099,0.5757042253521127,0.7115384615384616
20260524,jnu_asymmetric,any_deceleration_early,386,188,0.5670703348464159,0.5961207822909951,0.5715130023640662,0.547945205479452
20260524,jnu_asymmetric,any_deceleration_late,386,74,0.19372748751090285,0.49008142758142753,0.48761261261261263,0.24892703862660945
20260524,jnu_asymmetric,any_deceleration_prolonged,386,19,0.1609617291751984,0.5255987379893876,0.5116879391940341,0.08928571428571429
20260524,jnu_asymmetric,any_deceleration_variable,386,196,0.6008894757598893,0.5990870032223415,0.5980665950590762,0.6115288220551378
20260524,jnu_asymmetric,any_tachycardia,386,29,0.13226412517399905,0.636723654979233,0.5776103544866222,0.18333333333333332
20260524,jnu_only,any_acceleration,386,187,0.6385584398223254,0.6684760701905248,0.6247144814984011,0.6214099216710183
20260524,jnu_only,any_deceleration,386,284,0.8884944708663005,0.7524164595415631,0.6985294117647058,0.799249530956848
20260524,jnu_only,any_deceleration_early,386,188,0.7165442732293633,0.7078229099505695,0.6290833870621104,0.6166219839142091
20260524,jnu_only,any_deceleration_late,386,74,0.248300382968707,0.6126559251559253,0.5482934857934858,0.3055555555555556
20260524,jnu_only,any_deceleration_prolonged,386,19,0.09365889734130092,0.5489746163774559,0.5416606912376308,0.1111111111111111
20260524,jnu_only,any_deceleration_variable,386,196,0.691776441124994,0.7030612244897959,0.6609022556390978,0.6579634464751958
20260524,jnu_only,any_tachycardia,386,29,0.25941177414524486,0.722882256350816,0.7053028107794842,0.29508196721311475
20260524,jnu_to_ctu,any_acceleration,386,187,0.6500851512624424,0.66710558138285,0.6303845430360357,0.6323907455012854
20260524,jnu_to_ctu,any_deceleration,386,284,0.8954013586982625,0.7599420049710026,0.6883457608395471,0.7909604519774012
20260524,jnu_to_ctu,any_deceleration_early,386,188,0.7138274329046328,0.7110466365785514,0.6324145712443585,0.6302083333333334
20260524,jnu_to_ctu,any_deceleration_late,386,74,0.2720055108810131,0.6274255024255024,0.5776160776160776,0.3406113537117904
20260524,jnu_to_ctu,any_deceleration_prolonged,386,19,0.0685947713784321,0.5833930876236915,0.5375734977771404,0.10752688172043011
20260524,jnu_to_ctu,any_deceleration_variable,386,196,0.7174987281446972,0.7168635875402792,0.6813909774436091,0.6838046272493573
20260524,jnu_to_ctu,any_tachycardia,386,29,0.2136793022751827,0.7057857625808944,0.660581473968898,0.2631578947368421
20260524,random,any_acceleration,386,187,0.5898268838114906,0.6386746567059898,0.6024238841265149,0.6111111111111112
20260524,random,any_deceleration,386,284,0.8487457818801574,0.7025683512841756,0.6564139740403203,0.7689393939393939
20260524,random,any_deceleration_early,386,188,0.6373310277376331,0.6571029443369868,0.6007683215130024,0.5904255319148937
20260524,random,any_deceleration_late,386,74,0.20317684103882883,0.51004851004851,0.5207033957033957,0.2807017543859649
20260524,random,any_deceleration_prolonged,386,19,0.045125575923820674,0.42621540226588267,0.4604187580668292,0.05504587155963303
20260524,random,any_deceleration_variable,386,196,0.6593081692207062,0.6551020408163264,0.6186358754027927,0.6352357320099256
20260524,random,any_tachycardia,386,29,0.17823493294819662,0.6905244856563315,0.6046556553655945,0.21052631578947367
20260525,classical_signal,any_acceleration,386,187,0.6144206067281602,0.6450971434713675,0.6051917340714266,0.5846994535519126
20260525,classical_signal,any_deceleration,386,284,0.8533293036667204,0.7074012703673018,0.6639395194697597,0.7370517928286853
20260525,classical_signal,any_deceleration_early,386,188,0.7072864246864056,0.7364603481624759,0.6812003008811519,0.6737400530503979
20260525,classical_signal,any_deceleration_late,386,74,0.2813288954343057,0.6512040887040887,0.6336191961191961,0.3983402489626556
20260525,classical_signal,any_deceleration_prolonged,386,19,0.16302379194712885,0.7630861895884125,0.7095224437114585,0.22018348623853212
20260525,classical_signal,any_deceleration_variable,386,196,0.6706815592650817,0.6890440386680989,0.6342642320085929,0.6483790523690773
20260525,classical_signal,any_tachycardia,386,29,0.6759571823957076,0.9575002414759007,0.9239350912778905,0.5656565656565656
20260525,ctu_only,any_acceleration,386,187,0.6697544462418978,0.6881734877596538,0.6226856206164513,0.6256410256410256
20260525,ctu_only,any_deceleration,386,284,0.8818439312098411,0.7395401822700913,0.687206572769953,0.7745664739884393
20260525,ctu_only,any_deceleration_early,386,188,0.6705792837785849,0.6735976789168279,0.6086127229744251,0.5994694960212201
20260525,ctu_only,any_deceleration_late,386,74,0.21897967481842062,0.5281964656964657,0.5071898821898821,0.26548672566371684
20260525,ctu_only,any_deceleration_prolonged,386,19,0.0976077606869736,0.500215115445289,0.5643195181414026,0.12280701754385964
20260525,ctu_only,any_deceleration_variable,386,196,0.6825815886149491,0.6718313641245973,0.6368152524167562,0.6517412935323383
20260525,ctu_only,any_tachycardia,386,29,0.15528754270272938,0.6525644740654882,0.6018545349174153,0.20689655172413793
20260525,jnu_asymmetric,any_acceleration,386,187,0.6163102973576045,0.6705989842259426,0.6270658103350979,0.6210526315789474
20260525,jnu_asymmetric,any_deceleration,386,284,0.8474769508736227,0.6674951670809168,0.6415700082850042,0.73828125
20260525,jnu_asymmetric,any_deceleration_early,386,188,0.6146297424226888,0.6377337201805287,0.5929239200515797,0.5813333333333334
20260525,jnu_asymmetric,any_deceleration_late,386,74,0.19334480005323096,0.49068780318780325,0.4785602910602911,0.23318385650224216
20260525,jnu_asymmetric,any_deceleration_prolonged,386,19,0.05455785273126011,0.43467660978058226,0.5284669439265739,0.1
20260525,jnu_asymmetric,any_deceleration_variable,386,196,0.6657493288540868,0.6465628356605801,0.6215896885069818,0.6294416243654822
20260525,jnu_asymmetric,any_tachycardia,386,29,0.12979274415369765,0.6554621848739497,0.528687337003767,0.1391304347826087
20260525,jnu_only,any_acceleration,386,187,0.6653069781765965,0.6779888748555613,0.6410797302018112,0.6463104325699746
20260525,jnu_only,any_deceleration,386,284,0.9137987316919384,0.801919359293013,0.7202775476387738,0.8127340823970037
20260525,jnu_only,any_deceleration_early,386,188,0.7569564818062722,0.7599666881581775,0.6995486782720826,0.6947368421052632
20260525,jnu_only,any_deceleration_late,386,74,0.2587193012366897,0.5838963963963963,0.5749740124740125,0.33488372093023255
20260525,jnu_only,any_deceleration_prolonged,386,19,0.09552622135195155,0.6536641330847555,0.6305750752904058,0.16981132075471697
20260525,jnu_only,any_deceleration_variable,386,196,0.6939239604821806,0.7105263157894737,0.6633727175080558,0.6632124352331606
20260525,jnu_only,any_tachycardia,386,29,0.24443415795215143,0.6801893171061528,0.6465758717280016,0.24193548387096775
20260525,jnu_to_ctu,any_acceleration,386,187,0.6533986522358095,0.6735549404777901,0.6121516674280494,0.6134020618556701
20260525,jnu_to_ctu,any_deceleration,386,284,0.9138617915269366,0.7998135874067938,0.7093344380005524,0.7938931297709924
20260525,jnu_to_ctu,any_deceleration_early,386,188,0.7547257639328144,0.7541371158392436,0.6964861379754996,0.6863270777479893
20260525,jnu_to_ctu,any_deceleration_late,386,74,0.2619005442967839,0.5961971586971587,0.5794352044352045,0.33816425120772947
20260525,jnu_to_ctu,any_deceleration_prolonged,386,19,0.08616481058533731,0.6016061953248243,0.6015344901763946,0.14953271028037382
20260525,jnu_to_ctu,any_deceleration_variable,386,196,0.6942271445374812,0.7029806659505908,0.6609022556390978,0.6579634464751958
20260525,jnu_to_ctu,any_tachycardia,386,29,0.2875994948529565,0.7130300396020477,0.6922631121414082,0.288135593220339
20260525,random,any_acceleration,386,187,0.6562854898318786,0.6659231988821112,0.6145029962647461,0.612987012987013
20260525,random,any_deceleration,386,284,0.8643620878062237,0.7088511460922396,0.6725006904170119,0.7701149425287356
20260525,random,any_deceleration_early,386,188,0.6834329099795018,0.6640608209757145,0.6118095852138405,0.6113989637305699
20260525,random,any_deceleration_late,386,74,0.22414093631499632,0.5336971586971587,0.4840609840609841,0.24347826086956523
20260525,random,any_deceleration_prolonged,386,19,0.05467395272166828,0.4636454897461638,0.5575075290405851,0.11764705882352941
20260525,random,any_deceleration_variable,386,196,0.6091132314488711,0.6059613319011815,0.5928034371643394,0.6084788029925187
20260525,random,any_tachycardia,386,29,0.18114408931050413,0.7057857625808944,0.6610161305901672,0.25196850393700787
