comparison,metric,bootstrap_mean_difference,ci_2_5,ci_97_5,n_bootstrap_valid,ci_excludes_zero
signal_plus_ssl minus signal_features,auroc,-0.0285982728595963,-0.1152801925126565,0.0540927344894217,2000,False
signal_plus_ssl minus signal_features,auprc,0.0309953279108082,-0.0527365042591424,0.1076977832532375,2000,False
signal_plus_ssl minus signal_features,brier,0.0179101769426613,-0.0066880104926575,0.0433969718476592,2000,False
signal_plus_ssl_plus_signal_phenotype minus signal_features,auroc,-0.0142453455495617,-0.1011829851497608,0.0678712462668512,2000,False
signal_plus_ssl_plus_signal_phenotype minus signal_features,auprc,0.0547693702457981,-0.0353813521827991,0.1518686851801557,2000,False
signal_plus_ssl_plus_signal_phenotype minus signal_features,brier,0.0129532417965395,-0.0128540197111931,0.0386289426770896,2000,False
signal_plus_ssl minus signal_plus_signal_phenotype,auroc,-0.031338743770152,-0.1139686398525475,0.0508574630964749,2000,False
signal_plus_ssl minus signal_plus_signal_phenotype,auprc,0.0213108391354145,-0.0613038031398714,0.1056057684764155,2000,False
signal_plus_ssl minus signal_plus_signal_phenotype,brier,0.0200637825816578,-0.0045846875731071,0.0447295435337499,2000,False
